TAP version 13
# Subtest: planar y becomes scene z; height is independent
ok 1 - planar y becomes scene z; height is independent
  ---
  duration_ms: 1.99271
  type: 'test'
  ...
# Subtest: horizontal head shot hits, aiming above the head misses
ok 2 - horizontal head shot hits, aiming above the head misses
  ---
  duration_ms: 1.288881
  type: 'test'
  ...
# Subtest: nearest wall shields an enemy; lowering the aim hits terrain
ok 3 - nearest wall shields an enemy; lowering the aim hits terrain
  ---
  duration_ms: 0.319521
  type: 'test'
  ...
# Subtest: wall around muzzle blocks a clear camera sightline
ok 4 - wall around muzzle blocks a clear camera sightline
  ---
  duration_ms: 0.217537
  type: 'test'
  ...
# Subtest: enemy in cover cannot cause damage through a wall
ok 5 - enemy in cover cannot cause damage through a wall
  ---
  duration_ms: 1.496022
  type: 'test'
  ...
# Subtest: unreachable destination reports failure and does not move through walls
ok 6 - unreachable destination reports failure and does not move through walls
  ---
  duration_ms: 0.25933
  type: 'test'
  ...
# Subtest: wall shields blast damage but visible nearby actor takes damage
ok 7 - wall shields blast damage but visible nearby actor takes damage
  ---
  duration_ms: 0.525191
  type: 'test'
  ...
# Subtest: JSON checkpoint restores actors, reload, grenade, phase, clock and RNG exactly
ok 8 - JSON checkpoint restores actors, reload, grenade, phase, clock and RNG exactly
  ---
  duration_ms: 6.539988
  type: 'test'
  ...
# Subtest: corrupt and incompatible saves are rejected atomically
ok 9 - corrupt and incompatible saves are rejected atomically
  ---
  duration_ms: 2.473284
  type: 'test'
  ...
# Subtest: death restores the last living checkpoint without reviving defeated enemies
ok 10 - death restores the last living checkpoint without reviving defeated enemies
  ---
  duration_ms: 3.756637
  type: 'test'
  ...
# Subtest: restored simulation reproduces future seeded decisions and events
ok 11 - restored simulation reproduces future seeded decisions and events
  ---
  duration_ms: 200.553707
  type: 'test'
  ...
# Subtest: two independent sectors evolve for 90 seconds with stable losses and unique events
ok 12 - two independent sectors evolve for 90 seconds with stable losses and unique events
  ---
  duration_ms: 1.115109
  type: 'test'
  ...
# Subtest: partial fourth reinforcement group activates and visible candidates remain hidden
ok 13 - partial fourth reinforcement group activates and visible candidates remain hidden
  ---
  duration_ms: 0.432041
  type: 'test'
  ...
# Subtest: zero time never advances reload or the battle
ok 14 - zero time never advances reload or the battle
  ---
  duration_ms: 0.933226
  type: 'test'
  ...
# Subtest: weapon enforces cadence, ammo, and reload transfer
ok 15 - weapon enforces cadence, ammo, and reload transfer
  ---
  duration_ms: 1.52068
  type: 'test'
  ...
# Subtest: world blocks walls and permits open cells
ok 16 - world blocks walls and permits open cells
  ---
  duration_ms: 0.708637
  type: 'test'
  ...
# Subtest: navigation chooses a walkable next tile around cover
ok 17 - navigation chooses a walkable next tile around cover
  ---
  duration_ms: 0.387504
  type: 'test'
  ...
# Subtest: mission advances through checkpoint, combat, and radio
ok 18 - mission advances through checkpoint, combat, and radio
  ---
  duration_ms: 0.817532
  type: 'test'
  ...
# Subtest: shot geometry detects targets on aim line
ok 19 - shot geometry detects targets on aim line
  ---
  duration_ms: 0.158689
  type: 'test'
  ...
# Subtest: 3D matrix composition preserves translation and scale
ok 20 - 3D matrix composition preserves translation and scale
  ---
  duration_ms: 0.326982
  type: 'test'
  ...
# Subtest: weapon exposes a stable reload animation timeline
ok 21 - weapon exposes a stable reload animation timeline
  ---
  duration_ms: 0.202975
  type: 'test'
  ...
# Subtest: enemy selects cover instead of charging directly at player
ok 22 - enemy selects cover instead of charging directly at player
  ---
  duration_ms: 4.393866
  type: 'test'
  ...
# Subtest: grenade bounces on walls, warns AI, and applies radial damage
ok 23 - grenade bounces on walls, warns AI, and applies radial damage
  ---
  duration_ms: 2.884834
  type: 'test'
  ...
# Subtest: battle director activates reinforcement groups without replacing individual AI
ok 24 - battle director activates reinforcement groups without replacing individual AI
  ---
  duration_ms: 0.48428
  type: 'test'
  ...
# Subtest: text-only OBJ assets load with meshes, normals, and MTL colors
ok 25 - text-only OBJ assets load with meshes, normals, and MTL colors
  ---
  duration_ms: 6.845397
  type: 'test'
  ...
# Subtest: pointer lock entry and resume ignore cursor warps while later mouse movement works
ok 26 - pointer lock entry and resume ignore cursor warps while later mouse movement works
  ---
  duration_ms: 1.344905
  type: 'test'
  ...
# Subtest: Ju 87 clones use native LODs, share art, sample the saved clock and preserve the existing raid path
ok 27 - Ju 87 clones use native LODs, share art, sample the saved clock and preserve the existing raid path
  ---
  duration_ms: 16.733647
  type: 'test'
  ...
# Subtest: missing optional Ju 87 art keeps the silhouettes; partial failure uses available detail and disposal prevents attachment
ok 28 - missing optional Ju 87 art keeps the silhouettes; partial failure uses available detail and disposal prevents attachment
  ---
  duration_ms: 8.423133
  type: 'test'
  ...
# Subtest: each Ju 87 gets its own light-weight material instances over shared textures, propeller rpm/phase and attitude
ok 29 - each Ju 87 gets its own light-weight material instances over shared textures, propeller rpm/phase and attitude
  ---
  duration_ms: 8.563144
  type: 'test'
  ...
# Subtest: Ju 87 fade hides the 90 s path wrap and eases in after the planes are heard, deterministically
ok 30 - Ju 87 fade hides the 90 s path wrap and eases in after the planes are heard, deterministically
  ---
  duration_ms: 8.3213
  type: 'test'
  ...
# Subtest: Ju 87 LOD keeps 10 % hysteresis at thresholds while the quality floor always applies
ok 31 - Ju 87 LOD keeps 10 % hysteresis at thresholds while the quality floor always applies
  ---
  duration_ms: 5.453702
  type: 'test'
  ...
# Subtest: at fade 0 the selected level (GLB or fallback proxy) stays visible and reported; opacity does the hiding
ok 32 - at fade 0 the selected level (GLB or fallback proxy) stays visible and reported; opacity does the hiding
  ---
  duration_ms: 5.546282
  type: 'test'
  ...
# Subtest: the entry fade reads the saved planes_heard time of the real simulation
ok 33 - the entry fade reads the saved planes_heard time of the real simulation
  ---
  duration_ms: 324.49817
  type: 'test'
  ...
# Subtest: schema 2 initializes all 89 IDs; diagnostics are detached, small presentation records
ok 34 - schema 2 initializes all 89 IDs; diagnostics are detached, small presentation records
  ---
  duration_ms: 11.746798
  type: 'test'
  ...
# Subtest: all gameplay bytes hashed each tick against approved base: seed 19390901, support false
ok 35 - all gameplay bytes hashed each tick against approved base: seed 19390901, support false
  ---
  duration_ms: 47204.591625
  type: 'test'
  ...
# Subtest: all gameplay bytes hashed each tick against approved base: seed 7, support true
ok 36 - all gameplay bytes hashed each tick against approved base: seed 7, support true
  ---
  duration_ms: 45804.146869
  type: 'test'
  ...
# Subtest: odometer equals accumulated effective XZ displacement, including collision slide; gait is real speed
ok 37 - odometer equals accumulated effective XZ displacement, including collision slide; gait is real speed
  ---
  duration_ms: 16.721621
  type: 'test'
  ...
# Subtest: blocked ADVANCE publishes idle and zero speed instead of commanded speed
ok 38 - blocked ADVANCE publishes idle and zero speed instead of commanded speed
  ---
  duration_ms: 1.885119
  type: 'test'
  ...
# Subtest: direct German spans movement, platoon sprint and crouch walk publish distinct effective gaits
ok 39 - direct German spans movement, platoon sprint and crouch walk publish distinct effective gaits
  ---
  duration_ms: 2.102195
  type: 'test'
  ...
# Subtest: idle bodyYaw follows the shortest arc at 180 degrees/s and preserves combat facing
ok 40 - idle bodyYaw follows the shortest arc at 180 degrees/s and preserves combat facing
  ---
  duration_ms: 13.076102
  type: 'test'
  ...
# Subtest: moving bodyYaw turns at 360 degrees/s; hitboxes and eye geometry still use authoritative facing
ok 41 - moving bodyYaw turns at 360 degrees/s; hitboxes and eye geometry still use authoritative facing
  ---
  duration_ms: 1.496093
  type: 'test'
  ...
# Subtest: pause/invalid dt does not touch timestamps, motion, yaw, RNG, checkpoint or events
ok 42 - pause/invalid dt does not touch timestamps, motion, yaw, RNG, checkpoint or events
  ---
  duration_ms: 3.429534
  type: 'test'
  ...
# Subtest: real script wounds and demolition deaths have stable timestamps; unseen reserve losses have unknown history
ok 43 - real script wounds and demolition deaths have stable timestamps; unseen reserve losses have unknown history
  ---
  duration_ms: 1.609223
  type: 'test'
  ...
# Subtest: actual grenade damage records only exposed living actors; repeat ticks do not replay impacts
ok 44 - actual grenade damage records only exposed living actors; repeat ticks do not replay impacts
  ---
  duration_ms: 1.784718
  type: 'test'
  ...
# Subtest: player rifle hit/death and real near-miss suppression stamp only the existing combat outcomes
ok 45 - player rifle hit/death and real near-miss suppression stamp only the existing combat outcomes
  ---
  duration_ms: 3.229373
  type: 'test'
  ...
# Subtest: gait and bodyYaw resume identically at each real CP-A..D, including death recovery
ok 46 - gait and bodyYaw resume identically at each real CP-A..D, including death recovery
  ---
  duration_ms: 2248.030229
  type: 'test'
  ...
# Subtest: station grab adapter retains exact data and motion after pause/double restore
ok 47 - station grab adapter retains exact data and motion after pause/double restore
  ---
  duration_ms: 645.610636
  type: 'test'
  ...
# Subtest: station drag adapter retains exact data and motion after pause/double restore
ok 48 - station drag adapter retains exact data and motion after pause/double restore
  ---
  duration_ms: 594.909246
  type: 'test'
  ...
# Subtest: station release adapter retains exact data and motion after pause/double restore
ok 49 - station release adapter retains exact data and motion after pause/double restore
  ---
  duration_ms: 656.278875
  type: 'test'
  ...
# Subtest: Bąk carry and CKM/MG34 specialized adapters do not lose identity, timestamps or presentation on reload
ok 50 - Bąk carry and CKM/MG34 specialized adapters do not lose identity, timestamps or presentation on reload
  ---
  duration_ms: 1128.882484
  type: 'test'
  ...
# Subtest: legacy 86/89 schema-2 saves initialize without inventing events, mutating input or drawing RNG
ok 51 - legacy 86/89 schema-2 saves initialize without inventing events, mutating input or drawing RNG
  ---
  duration_ms: 892.20854
  type: 'test'
  ...
# Subtest: optional partial migration preserves present fields byte for byte and defaults only missing fields
ok 52 - optional partial migration preserves present fields byte for byte and defaults only missing fields
  ---
  duration_ms: 3.495574
  type: 'test'
  ...
# Subtest: corrupt presentation rejects atomically in current state and nested checkpoint
ok 53 - corrupt presentation rejects atomically in current state and nested checkpoint
  ---
  duration_ms: 392.321219
  type: 'test'
  ...
# Subtest: damage presentation is bounded, frozen at pause, reconstructible and never mutates source state
ok 54 - damage presentation is bounded, frozen at pause, reconstructible and never mutates source state
  ---
  duration_ms: 94.342698
  type: 'test'
  ...
# Subtest: audio variation is deterministic and independent of Math.random
ok 55 - audio variation is deterministic and independent of Math.random
  ---
  duration_ms: 1.247279
  type: 'test'
  ...
# Subtest: rifle, MG34, RKM, CKM, impacts, near miss and layered explosion remain distinct presentation events
ok 56 - rifle, MG34, RKM, CKM, impacts, near miss and layered explosion remain distinct presentation events
  ---
  duration_ms: 12.087921
  type: 'test'
  ...
# Subtest: near/mid/far routing lowers gain and bandwidth without changing event identity
ok 57 - near/mid/far routing lowers gain and bandwidth without changing event identity
  ---
  duration_ms: 1.760541
  type: 'test'
  ...
# Subtest: voice budget evicts low-priority presentation and never exceeds the hard limit
ok 58 - voice budget evicts low-priority presentation and never exceeds the hard limit
  ---
  duration_ms: 0.850942
  type: 'test'
  ...
# Subtest: distant rifle/MG stay low priority and cannot evict more important voices; critical can evict distant
ok 59 - distant rifle/MG stay low priority and cannot evict more important voices; critical can evict distant
  ---
  duration_ms: 3.843307
  type: 'test'
  ...
# Subtest: M01 ambience/aircraft loops are unique; train clank only follows a live false-to-true transition
ok 60 - M01 ambience/aircraft loops are unique; train clank only follows a live false-to-true transition
  ---
  duration_ms: 7.608316
  type: 'test'
  ...
# Subtest: distant battle scheduler is presentation-only, bounded and does not backlog skipped clock slots
ok 61 - distant battle scheduler is presentation-only, bounded and does not backlog skipped clock slots
  ---
  duration_ms: 3.211876
  type: 'test'
  ...
# Subtest: audio activity cannot consume or mutate M01 gameplay RNG/snapshot
ok 62 - audio activity cannot consume or mutate M01 gameplay RNG/snapshot
  ---
  duration_ms: 8.463955
  type: 'test'
  ...
# Subtest: reset/dispose stop transient and permanent nodes without duplicated loops
ok 63 - reset/dispose stop transient and permanent nodes without duplicated loops
  ---
  duration_ms: 1.216381
  type: 'test'
  ...
# Subtest: every weapon has its own synthesized identity (spectral and mechanical signature)
ok 64 - every weapon has its own synthesized identity (spectral and mechanical signature)
  ---
  duration_ms: 4.127825
  type: 'test'
  ...
# Subtest: near/mid/far/very-distant shots change layers continuously: mechanism only near, more echoes and longer tail far
ok 65 - near/mid/far/very-distant shots change layers continuously: mechanism only near, more echoes and longer tail far
  ---
  duration_ms: 0.758042
  type: 'test'
  ...
# Subtest: bursts keep the authoritative cadence in one voice; later rounds have shorter tails
ok 66 - bursts keep the authoritative cadence in one voice; later rounds have shorter tails
  ---
  duration_ms: 11.912618
  type: 'test'
  ...
# Subtest: bullet crack vs whizz, material impacts and ricochets are distinct and deterministic
ok 67 - bullet crack vs whizz, material impacts and ricochets are distinct and deterministic
  ---
  duration_ms: 5.814776
  type: 'test'
  ...
# Subtest: explosions scale from grenade to bridge demolition with debris, metal stress, splash and rumble
ok 68 - explosions scale from grenade to bridge demolition with debris, metal stress, splash and rumble
  ---
  duration_ms: 10.053278
  type: 'test'
  ...
# Subtest: category limits and the global hard limit hold under a saturated battle
ok 69 - category limits and the global hard limit hold under a saturated battle
  ---
  duration_ms: 13.490713
  type: 'test'
  ...
# Subtest: dynamic intensity rises with heard combat, decays on the simulation clock and drives the distant scheduler
ok 70 - dynamic intensity rises with heard combat, decays on the simulation clock and drives the distant scheduler
  ---
  duration_ms: 36.662976
  type: 'test'
  ...
# Subtest: distant battle is deterministic, aperiodic and never repeats the same sector+kind back to back
ok 71 - distant battle is deterministic, aperiodic and never repeats the same sector+kind back to back
  ---
  duration_ms: 24.656337
  type: 'test'
  ...
# Subtest: Ju 87 engine layers follow the rendered aircraft path; pull-out siren only on request after a real aerial blast
ok 72 - Ju 87 engine layers follow the rendered aircraft path; pull-out siren only on request after a real aerial blast
  ---
  duration_ms: 3.067959
  type: 'test'
  ...
# Subtest: trains: emitters match rendered placements; arrivals play once per live transition; idle ticks vary
ok 73 - trains: emitters match rendered placements; arrivals play once per live transition; idle ticks vary
  ---
  duration_ms: 6.420818
  type: 'test'
  ...
# Subtest: fires: emitters come from presentation state; crackle only near, loop follows the nearest fire
ok 74 - fires: emitters come from presentation state; crackle only near, loop follows the nearest fire
  ---
  duration_ms: 4.830003
  type: 'test'
  ...
# Subtest: graph: buses, compressor and outdoor reverb exist; voices send to reverb; everything created is disposed
ok 75 - graph: buses, compressor and outdoor reverb exist; voices send to reverb; everything created is disposed
  ---
  duration_ms: 2.699404
  type: 'test'
  ...
# Subtest: full presentation pass over the complete real M01 route never changes simulation state or RNG
ok 76 - full presentation pass over the complete real M01 route never changes simulation state or RNG
  ---
  duration_ms: 8097.152185
  type: 'test'
  ...
# Subtest: presentation clock jumps (pause, restore, slow frames) never backlog scheduled one-shots
ok 77 - presentation clock jumps (pause, restore, slow frames) never backlog scheduled one-shots
  ---
  duration_ms: 1.429663
  type: 'test'
  ...
# Subtest: real MG34 event shape: one-round events from the same gun join one burst voice with burst tails
ok 78 - real MG34 event shape: one-round events from the same gun join one burst voice with burst tails
  ---
  duration_ms: 1.38813
  type: 'test'
  ...
# Subtest: early releases fade instead of cutting; fading voices leave the budget at once and still dispose cleanly
ok 79 - early releases fade instead of cutting; fading voices leave the budget at once and still dispose cleanly
  ---
  duration_ms: 1.203893
  type: 'test'
  ...
# Subtest: overlapping ducks keep the deepest cut and the latest release; a near-miss cannot cancel a blast duck
ok 80 - overlapping ducks keep the deepest cut and the latest release; a near-miss cannot cancel a blast duck
  ---
  duration_ms: 1.136621
  type: 'test'
  ...
# Subtest: Ju 87 pull-out comes from the nearest rendered Stuka and only while the formation is shown
ok 81 - Ju 87 pull-out comes from the nearest rendered Stuka and only while the formation is shown
  ---
  duration_ms: 0.933496
  type: 'test'
  ...
# Subtest: Stuka path wrap is not heard as a Doppler dip; INTRO/SETUP stay quiet; fire loop has hysteresis
ok 82 - Stuka path wrap is not heard as a Doppler dip; INTRO/SETUP stay quiet; fire loop has hysteresis
  ---
  duration_ms: 16.638946
  type: 'test'
  ...
# Subtest: looped brown noise has no seam; ricochets (not distance) add the whizz; budget and floor bound the graph
ok 83 - looped brown noise has no seam; ricochets (not distance) add the whizz; budget and floor bound the graph
  ---
  duration_ms: 13.990347
  type: 'test'
  ...
# Subtest: V3 visual RNG and lifecycle curves are deterministic and gameplay RNG stays untouched
ok 84 - V3 visual RNG and lifecycle curves are deterministic and gameplay RNG stays untouched
  ---
  duration_ms: 6.965739
  type: 'test'
  ...
# Subtest: blast categories remain explicit rather than scale-only aliases
ok 85 - blast categories remain explicit rather than scale-only aliases
  ---
  duration_ms: 0.322565
  type: 'test'
  ...
# Subtest: distance and quality reduce secondary density without turning effects off
ok 86 - distance and quality reduce secondary density without turning effects off
  ---
  duration_ms: 0.282875
  type: 'test'
  ...
# Subtest: fade curves stagger endings and never exceed normalized bounds
ok 87 - fade curves stagger endings and never exceed normalized bounds
  ---
  duration_ms: 0.284138
  type: 'test'
  ...
# Subtest: impact materials have distinct bounded presentation families
ok 88 - impact materials have distinct bounded presentation families
  ---
  duration_ms: 0.247723
  type: 'test'
  ...
# Subtest: approved battlefield pool limits and one-light budget remain byte-explicit
ok 89 - approved battlefield pool limits and one-light budget remain byte-explicit
  ---
  duration_ms: 0.974478
  type: 'test'
  ...
# Subtest: pause/reset/dispose paths keep presentation pools non-authoritative and cleanable
ok 90 - pause/reset/dispose paths keep presentation pools non-authoritative and cleanable
  ---
  duration_ms: 0.556629
  type: 'test'
  ...
# Subtest: demolition authority and saved state are unchanged by all V3 profile sampling
ok 91 - demolition authority and saved state are unchanged by all V3 profile sampling
  ---
  duration_ms: 180.119188
  type: 'test'
  ...
# Subtest: battlefield FX visual noise is deterministic, bounded and independent from simulation RNG
ok 92 - battlefield FX visual noise is deterministic, bounded and independent from simulation RNG
  ---
  duration_ms: 69.515639
  type: 'test'
  ...
# Subtest: battlefield FX stays presentation-only with explicit hard pool limits
ok 93 - battlefield FX stays presentation-only with explicit hard pool limits
  ---
  duration_ms: 0.950842
  type: 'test'
  ...
# Subtest: muzzle presentation telemetry latches only after a rendered muzzle frame and resets without simulation state
ok 94 - muzzle presentation telemetry latches only after a rendered muzzle frame and resets without simulation state
  ---
  duration_ms: 0.476588
  type: 'test'
  ...
# M01_PORTAL_ASSET_AUDIT {"portal_lisewo_1912.glb":{"meshes":5,"materials":["brick_red","stone_masonry","opening_dark","gate_timber_iron"],"textures":0,"triangles":1996,"nodes":7,"hasNormals":true,"hasUvs":true},"portal_lisewo_1912.lod1.glb":{"meshes":5,"materials":["brick_red","stone_masonry","gate_timber_iron"],"textures":0,"triangles":764,"nodes":7,"hasNormals":true,"hasUvs":true},"portal_lisewo_1912.lod2.glb":{"meshes":5,"materials":["brick_red","stone_masonry","gate_timber_iron"],"textures":0,"triangles":524,"nodes":7,"hasNormals":true,"hasUvs":true}}
# Subtest: Lisewo portal GLBs and collider authority remain byte-identical to approved production base
ok 95 - Lisewo portal GLBs and collider authority remain byte-identical to approved production base
  ---
  duration_ms: 2.31095
  type: 'test'
  ...
# Subtest: portal macro placement, LOD budgets and documented uncertainty remain unchanged
ok 96 - portal macro placement, LOD budgets and documented uncertainty remain unchanged
  ---
  duration_ms: 0.879855
  type: 'test'
  ...
# Subtest: portal binaries keep normals/UVs/material slots without adding texture assets
ok 97 - portal binaries keep normals/UVs/material slots without adding texture assets
  ---
  duration_ms: 1.162481
  type: 'test'
  ...
# Subtest: microdetail stays inside approved portal macro envelopes and scales by quality
ok 98 - microdetail stays inside approved portal macro envelopes and scales by quality
  ---
  duration_ms: 0.527905
  type: 'test'
  ...
# Subtest: portal material/detail lookup cannot consume gameplay RNG or mutate save/colliders
ok 99 - portal material/detail lookup cannot consume gameplay RNG or mutate save/colliders
  ---
  duration_ms: 4.984886
  type: 'test'
  ...
# Subtest: known bridge materials map predictably while unknown material preserves GLB fallback
ok 100 - known bridge materials map predictably while unknown material preserves GLB fallback
  ---
  duration_ms: 0.121142
  type: 'test'
  ...
# Subtest: authored bridge GLBs, manifest and collider authority stay byte-identical
ok 101 - authored bridge GLBs, manifest and collider authority stay byte-identical
  ---
  duration_ms: 7.78961
  type: 'test'
  ...
# Subtest: structural detail stays inside each span and support macro envelope in every LOD
ok 102 - structural detail stays inside each span and support macro envelope in every LOD
  ---
  duration_ms: 78.151214
  type: 'test'
  ...
# Subtest: walkable decks and both rail loading gauges stay clear of new structure
ok 103 - walkable decks and both rail loading gauges stay clear of new structure
  ---
  duration_ms: 45.07723
  type: 'test'
  ...
# Subtest: quality tiers: LOD2 and Low add nothing; High only adds rivets and fishplates; LOD0 > LOD1
ok 104 - quality tiers: LOD2 and Low add nothing; High only adds rivets and fishplates; LOD0 > LOD1
  ---
  duration_ms: 12.209134
  type: 'test'
  ...
# Subtest: descriptors are deterministic and never touch gameplay RNG, saves or colliders
ok 105 - descriptors are deterministic and never touch gameplay RNG, saves or colliders
  ---
  duration_ms: 85.545999
  type: 'test'
  ...
# Subtest: double-track approach lines up with the bridge tracks and the trains already placed east of Lisewo
ok 106 - double-track approach lines up with the bridge tracks and the trains already placed east of Lisewo
  ---
  duration_ms: 0.22532
  type: 'test'
  ...
# Subtest: runtime attaches to real GLB nodes, swaps only the rail deck primitives by quality and disposes cleanly
ok 107 - runtime attaches to real GLB nodes, swaps only the rail deck primitives by quality and disposes cleanly
  ---
  duration_ms: 301.418295
  type: 'test'
  ...
# Subtest: M01 GLBs keep nine spans, measured supports and map placement in every LOD
ok 108 - M01 GLBs keep nine spans, measured supports and map placement in every LOD
  ---
  duration_ms: 8.122351
  type: 'test'
  ...
# Subtest: M01 all LODs ship event-linked damage replacements with stable logical IDs
ok 109 - M01 all LODs ship event-linked damage replacements with stable logical IDs
  ---
  duration_ms: 5.390026
  type: 'test'
  ...
# Subtest: M01 demolition IDs survive LOD changes and JSON restoration; colliders stay removed
ok 110 - M01 demolition IDs survive LOD changes and JSON restoration; colliders stay removed
  ---
  duration_ms: 26.978626
  type: 'test'
  ...
# Subtest: M01 road towers remain separate, measured and damage-linked in all LODs
ok 111 - M01 road towers remain separate, measured and damage-linked in all LODs
  ---
  duration_ms: 3.125446
  type: 'test'
  ...
# Subtest: M01 binary exports contain finite positions and unit normals
ok 112 - M01 binary exports contain finite positions and unit normals
  ---
  duration_ms: 74.802221
  type: 'test'
  ...
# Subtest: M01 manifest matches binary counts, current map hash and decreasing LOD budgets
ok 113 - M01 manifest matches binary counts, current map hash and decreasing LOD budgets
  ---
  duration_ms: 4.214546
  type: 'test'
  ...
# Subtest: M01 historical uncertainty and modern geometry conflicts remain explicit
ok 114 - M01 historical uncertainty and modern geometry conflicts remain explicit
  ---
  duration_ms: 3.122933
  type: 'test'
  ...
# Subtest: all six GLBs have finite skin weights, valid joint indices, embedded textures and decreasing LOD budgets
ok 115 - all six GLBs have finite skin weights, valid joint indices, embedded textures and decreasing LOD budgets
  ---
  duration_ms: 73.199813
  type: 'test'
  ...
# Subtest: all twenty-five animation clips bind to real named bones, have monotonic times and finite transforms
ok 116 - all twenty-five animation clips bind to real named bones, have monotonic times and finite transforms
  ---
  duration_ms: 21.026983
  type: 'test'
  ...
# Subtest: the original station drag loops on the existing rig with a locked source and finite transforms
ok 117 - the original station drag loops on the existing rig with a locked source and finite transforms
  ---
  duration_ms: 4.693628
  type: 'test'
  ...
# Subtest: first-person geometry keeps actual GLB arm/hand surfaces and leaves the world uniform unchanged
ok 118 - first-person geometry keeps actual GLB arm/hand surfaces and leaves the world uniform unchanged
  ---
  duration_ms: 28.046904
  type: 'test'
  ...
# Subtest: the actual reload rig keeps the open action, clip and hand in the first-person frustum on both usable LODs
ok 119 - the actual reload rig keeps the open action, clip and hand in the first-person frustum on both usable LODs
  ---
  duration_ms: 72.907678
  type: 'test'
  ...
# Subtest: sampling real clock, changing LOD and restoring a copy preserves bone transforms and immutable data
ok 120 - sampling real clock, changing LOD and restoring a copy preserves bone transforms and immutable data
  ---
  duration_ms: 5.602487
  type: 'test'
  ...
# Subtest: wounded attachment follows its carrier socket and detaches after delivery without changing simulation coordinates
ok 121 - wounded attachment follows its carrier socket and detaches after delivery without changing simulation coordinates
  ---
  duration_ms: 3.119948
  type: 'test'
  ...
# Subtest: MakeHuman data licence is shipped exactly as locked at its source revision
ok 122 - MakeHuman data licence is shipped exactly as locked at its source revision
  ---
  duration_ms: 0.781607
  type: 'test'
  ...
# Subtest: the station casualty remains grounded while the medic samples the backward drag and its fallback
ok 123 - the station casualty remains grounded while the medic samples the backward drag and its fallback
  ---
  duration_ms: 2.992727
  type: 'test'
  ...
# Subtest: Kowal and healthy Bąk use their own meshes and muzzle sockets, preserve data and hide the casualty weapon
ok 124 - Kowal and healthy Bąk use their own meshes and muzzle sockets, preserve data and hide the casualty weapon
  ---
  duration_ms: 9.09113
  type: 'test'
  ...
# Subtest: riflemen finish the bolt after the flash; pinned engineers stop their working hands until the repair resumes
ok 125 - riflemen finish the bolt after the flash; pinned engineers stop their working hands until the repair resumes
  ---
  duration_ms: 1.699299
  type: 'test'
  ...
# Subtest: schema 2 legacy 86 roster becomes 89 at the aligned post without changing old actors or RNG
ok 126 - schema 2 legacy 86 roster becomes 89 at the aligned post without changing old actors or RNG
  ---
  duration_ms: 17.545881
  type: 'test'
  ...
# Subtest: old 89-actor idle placement migrates once and snapshot restore is stable
ok 127 - old 89-actor idle placement migrates once and snapshot restore is stable
  ---
  duration_ms: 10.889318
  type: 'test'
  ...
# Subtest: old 89-actor save immediately after east demolition keeps idle phase/start time while aligning the old post
ok 128 - old 89-actor save immediately after east demolition keeps idle phase/start time while aligning the old post
  ---
  duration_ms: 8.940664
  type: 'test'
  ...
# Subtest: old 89-actor abandon placement shifts rigidly but preserves phase and startedAt exactly
ok 129 - old 89-actor abandon placement shifts rigidly but preserves phase and startedAt exactly
  ---
  duration_ms: 10.544058
  type: 'test'
  ...
# Subtest: retreat saves are never translated, including an actor still on an old authored coordinate
ok 130 - retreat saves are never translated, including an actor still on an old authored coordinate
  ---
  duration_ms: 8.180439
  type: 'test'
  ...
# Subtest: casualties stay casualties and post-west saves preserve their saved positions
ok 131 - casualties stay casualties and post-west saves preserve their saved positions
  ---
  duration_ms: 14.514086
  type: 'test'
  ...
# Subtest: 86-actor saves after east or west demolition remain safe and do not restart abandon
ok 132 - 86-actor saves after east or west demolition remain safe and do not restart abandon
  ---
  duration_ms: 17.329967
  type: 'test'
  ...
# Subtest: restore stays atomic when a legacy-position ckm save is invalid
ok 133 - restore stays atomic when a legacy-position ckm save is invalid
  ---
  duration_ms: 5.823759
  type: 'test'
  ...
# Subtest: placement migration changes no non-ckm actor or unrelated saved state
ok 134 - placement migration changes no non-ckm actor or unrelated saved state
  ---
  duration_ms: 4.458724
  type: 'test'
  ...
# Subtest: new ckm root puts gun_muzzle_flash on the mapped south embrasure x/z
ok 135 - new ckm root puts gun_muzzle_flash on the mapped south embrasure x/z
  ---
  duration_ms: 0.864862
  type: 'test'
  ...
# Subtest: ckm crew is grounded below the deck, leaves after the real event and reaches safety before demolition
ok 136 - ckm crew is grounded below the deck, leaves after the real event and reaches safety before demolition
  ---
  duration_ms: 3484.412484
  type: 'test'
  ...
# Subtest: schema 2 accepts exact legacy rosters and migrates atomically without changing old actors or RNG
ok 137 - schema 2 accepts exact legacy rosters and migrates atomically without changing old actors or RNG
  ---
  duration_ms: 3425.014616
  type: 'test'
  ...
# Subtest: real ckm clips and weapon share saved time across pause, reload, casualties and optional fallback
ok 138 - real ckm clips and weapon share saved time across pause, reload, casualties and optional fallback
  ---
  duration_ms: 44.193744
  type: 'test'
  ...
# Subtest: M01 ckm wz.30: metros, +Y, cano para −Z, 1,2 m ±2 %, hierarquia de pivôs e três LODs no orçamento
ok 139 - M01 ckm wz.30: metros, +Y, cano para −Z, 1,2 m ±2 %, hierarquia de pivôs e três LODs no orçamento
  ---
  duration_ms: 3.046128
  type: 'test'
  ...
# Subtest: M01 ckm wz.30: clips da arma animam os nós móveis; rajada de 8 a 600/min; alimentação puxa a ponta e arma duas vezes
ok 140 - M01 ckm wz.30: clips da arma animam os nós móveis; rajada de 8 a 600/min; alimentação puxa a ponta e arma duas vezes
  ---
  duration_ms: 2.62292
  type: 'test'
  ...
# Subtest: M01 ckm wz.30: clips ckm_wz30_* do atirador e do municiador ligam-se ao rig polaco, não repetem nomes e mostram uma só arma
ok 141 - M01 ckm wz.30: clips ckm_wz30_* do atirador e do municiador ligam-se ao rig polaco, não repetem nomes e mostram uma só arma
  ---
  duration_ms: 24.524167
  type: 'test'
  ...
# Subtest: M01 ckm wz.30: LOD0 dentro dos 4000 triângulos sem mudar silhueta, pivôs, sockets, fita nem clips; LOD1, LOD2 e clips intactos
ok 142 - M01 ckm wz.30: LOD0 dentro dos 4000 triângulos sem mudar silhueta, pivôs, sockets, fita nem clips; LOD1, LOD2 e clips intactos
  ---
  duration_ms: 6.332726
  type: 'test'
  ...
# Subtest: real player-hit presentation is clear, bounded and directional cue stays presentation-only
ok 143 - real player-hit presentation is clear, bounded and directional cue stays presentation-only
  ---
  duration_ms: 1.459128
  type: 'test'
  ...
# Subtest: near miss and close impact react while distant impact stays quiet
ok 144 - near miss and close impact react while distant impact stays quiet
  ---
  duration_ms: 0.271799
  type: 'test'
  ...
# Subtest: multiple real MG34 near rounds accumulate danger but obey every hard cap
ok 145 - multiple real MG34 near rounds accumulate danger but obey every hard cap
  ---
  duration_ms: 0.356077
  type: 'test'
  ...
# Subtest: near explosion has weight, distant explosion does not create exaggerated feedback
ok 146 - near explosion has weight, distant explosion does not create exaggerated feedback
  ---
  duration_ms: 0.219281
  type: 'test'
  ...
# Subtest: feedback decay is driven only by mission clock, so pause freezes and resume continues without duplication
ok 147 - feedback decay is driven only by mission clock, so pause freezes and resume continues without duplication
  ---
  duration_ms: 0.792183
  type: 'test'
  ...
# Subtest: restart/checkpoint reset clears all transient combat presentation state
ok 148 - restart/checkpoint reset clears all transient combat presentation state
  ---
  duration_ms: 0.176336
  type: 'test'
  ...
# Subtest: quality tiers preserve danger reading while Low stays cheaper and omits exposure flash
ok 149 - quality tiers preserve danger reading while Low stays cheaper and omits exposure flash
  ---
  duration_ms: 0.144407
  type: 'test'
  ...
# Subtest: combat presentation consumes no gameplay RNG and cannot alter snapshot, aim, position, HP or clocks
ok 150 - combat presentation consumes no gameplay RNG and cannot alter snapshot, aim, position, HP or clocks
  ---
  duration_ms: 5.379291
  type: 'test'
  ...
# Subtest: the sappers walk to the second cut where the crate is delivered, so "leve a caixa aos sapadores" is true
ok 151 - the sappers walk to the second cut where the crate is delivered, so "leve a caixa aos sapadores" is true
  ---
  duration_ms: 4106.668966
  type: 'test'
  ...
# Subtest: Bąk takes the deck position with the 05:30 order and falls at bak_wound_point, in front of the player
ok 152 - Bąk takes the deck position with the 05:30 order and falls at bak_wound_point, in front of the player
  ---
  duration_ms: 815.589632
  type: 'test'
  ...
# Subtest: a direction hint names the destination, distance and side when the player does not approach it
ok 153 - a direction hint names the destination, distance and side when the player does not approach it
  ---
  duration_ms: 74.869739
  type: 'test'
  ...
# Subtest: once the repair gate is ready the rest of seg_repair runs at readyScale; before that it keeps scale
ok 154 - once the repair gate is ready the rest of seg_repair runs at readyScale; before that it keeps scale
  ---
  duration_ms: 1.570355
  type: 'test'
  ...
# Subtest: the full control route still reaches the debrief with every required objective after the fixes
ok 155 - the full control route still reaches the debrief with every required objective after the fixes
  ---
  duration_ms: 0.197117
  type: 'test'
  ...
# Subtest: the withdrawing east platoon runs past the firing point during the corridor phase and does not stall at x = -109
ok 156 - the withdrawing east platoon runs past the firing point during the corridor phase and does not stall at x = -109
  ---
  duration_ms: 1969.78645
  type: 'test'
  ...
# Subtest: a Bąk delivered by the player stays visible beside Dudek, who carries him west before the west demolition
ok 157 - a Bąk delivered by the player stays visible beside Dudek, who carries him west before the west demolition
  ---
  duration_ms: 907.265677
  type: 'test'
  ...
# Subtest: when Dudek retrieves Bąk he walks to him on the deck and carries him to the station, visible all the way
ok 158 - when Dudek retrieves Bąk he walks to him on the deck and carries him to the station, visible all the way
  ---
  duration_ms: 870.530596
  type: 'test'
  ...
# Subtest: the roll call positions the present section in the shelter facing Jan; the absent stay away
ok 159 - the roll call positions the present section in the shelter facing Jan; the absent stay away
  ---
  duration_ms: 868.704276
  type: 'test'
  ...
# Subtest: Kowal hands over at most six clips of section ammunition; saves keep the ammunition invariant
ok 160 - Kowal hands over at most six clips of section ammunition; saves keep the ammunition invariant
  ---
  duration_ms: 23.413249
  type: 'test'
  ...
# Subtest: legacy schema 2 saves receive the unused section supply and can resupply after loading
ok 161 - legacy schema 2 saves receive the unused section supply and can resupply after loading
  ---
  duration_ms: 10.263096
  type: 'test'
  ...
# Subtest: the bridge trusses contain movement: no falling off a span sideways or into a blown gap; the river bank still can
ok 162 - the bridge trusses contain movement: no falling off a span sideways or into a blown gap; the river bank still can
  ---
  duration_ms: 2.369408
  type: 'test'
  ...
# Subtest: a Bąk delivered after the east demolition is still evacuated, so the west demolition is not held forever
ok 163 - a Bąk delivered after the east demolition is still evacuated, so the west demolition is not held forever
  ---
  duration_ms: 838.565269
  type: 'test'
  ...
# Subtest: real control routes compare covering and ignoring: faster repair, fewer near misses and more survivors with support
ok 164 - real control routes compare covering and ignoring: faster repair, fewer near misses and more survivors with support
  ---
  duration_ms: 7251.028105
  type: 'test'
  ...
# Subtest: repair suppression requires a round that really arrives within 3 m; a solid wall shields the sappers
ok 165 - repair suppression requires a round that really arrives within 3 m; a solid wall shields the sappers
  ---
  duration_ms: 257.656868
  type: 'test'
  ...
# Subtest: inactive or suppressed Germans on the spans cause no withdrawal losses; looking away does not stop combat
ok 166 - inactive or suppressed Germans on the spans cause no withdrawal losses; looking away does not stop combat
  ---
  duration_ms: 825.275647
  type: 'test'
  ...
# Subtest: casualty IDs and rounds in flight survive reload and checkpoint restore; invalid optional timers are rejected atomically
ok 167 - casualty IDs and rounds in flight survive reload and checkpoint restore; invalid optional timers are rejected atomically
  ---
  duration_ms: 276.363183
  type: 'test'
  ...
# Subtest: legacy schema 2 saves migrate and the six reserve slots stay outside the eighteen-man platoon
ok 168 - legacy schema 2 saves migrate and the six reserve slots stay outside the eighteen-man platoon
  ---
  duration_ms: 49.666662
  type: 'test'
  ...
# Subtest: the air-raid cover instruction remains visible briefly even if the player was already in cover
ok 169 - the air-raid cover instruction remains visible briefly even if the player was already in cover
  ---
  duration_ms: 8.534742
  type: 'test'
  ...
# Subtest: adjustment warning and HUD identify a real salvo; view direction changes the bearing without changing combat
ok 170 - adjustment warning and HUD identify a real salvo; view direction changes the bearing without changing combat
  ---
  duration_ms: 1792.972865
  type: 'test'
  ...
# Subtest: a salvo from the dike behind the trusses identifies its actual origin, rather than the visible gate MG
ok 171 - a salvo from the dike behind the trusses identifies its actual origin, rather than the visible gate MG
  ---
  duration_ms: 1517.028874
  type: 'test'
  ...
# Subtest: an occluding wall prevents an adjustment warning and cover reservation, with a bounded retry
ok 172 - an occluding wall prevents an adjustment warning and cover reservation, with a bounded retry
  ---
  duration_ms: 181.680976
  type: 'test'
  ...
# Subtest: saved origin restores as data, expires after eight active seconds, and invalid or legacy saves remain safe
ok 173 - saved origin restores as data, expires after eight active seconds, and invalid or legacy saves remain safe
  ---
  duration_ms: 83.411451
  type: 'test'
  ...
# Subtest: German fire starts on the east bank; only shooters in sight of the west bank (the Lisewo gates) aim at it
ok 174 - German fire starts on the east bank; only shooters in sight of the west bank (the Lisewo gates) aim at it
  ---
  duration_ms: 1001.878922
  type: 'test'
  ...
# Subtest: rounds that pass within 3 m pin the sappers and stop the repair; the HUD line is exactly the simulation state
ok 175 - rounds that pass within 3 m pin the sappers and stop the repair; the HUD line is exactly the simulation state
  ---
  duration_ms: 873.838752
  type: 'test'
  ...
# Subtest: keeping the gate MG down shortens the repair; ignoring it lets the sappers be pinned again and again
ok 176 - keeping the gate MG down shortens the repair; ignoring it lets the sappers be pinned again and again
  ---
  duration_ms: 8138.12
  type: 'test'
  ...
# Subtest: covering fire on the Germans on the spans saves men; without it the platoon falls to the predicted minimum
ok 177 - covering fire on the Germans on the spans saves men; without it the platoon falls to the predicted minimum
  ---
  duration_ms: 0.529477
  type: 'test'
  ...
# Subtest: historical times, checkpoints and demolition safety are unchanged in both routes
ok 178 - historical times, checkpoints and demolition safety are unchanged in both routes
  ---
  duration_ms: 0.225459
  type: 'test'
  ...
# Subtest: rounds in flight survive save and restore and play out identically; corrupt rounds are rejected
ok 179 - rounds in flight survive save and restore and play out identically; corrupt rounds are rejected
  ---
  duration_ms: 733.561398
  type: 'test'
  ...
# Subtest: after 120 s of continuous suppression the fire on the repair eases without warning until work resumes
ok 180 - after 120 s of continuous suppression the fire on the repair eases without warning until work resumes
  ---
  duration_ms: 1195.20524
  type: 'test'
  ...
# Subtest: the withdrawal HUD line reports the real count by ID and whether the Germans on the spans are suppressed
ok 181 - the withdrawal HUD line reports the real count by ID and whether the Germans on the spans are suppressed
  ---
  duration_ms: 2280.752434
  type: 'test'
  ...
# Subtest: allies under fire are drawn hunched (pinned pose) only while suppressedUntil lasts, without touching the actor
ok 182 - allies under fire are drawn hunched (pinned pose) only while suppressedUntil lasts, without touching the actor
  ---
  duration_ms: 1.514811
  type: 'test'
  ...
# Subtest: a designated withdrawal casualty needs an actual actor hit; a wall, a miss or an already dead target cannot lower the count
ok 183 - a designated withdrawal casualty needs an actual actor hit; a wall, a miss or an already dead target cannot lower the count
  ---
  duration_ms: 1.903016
  type: 'test'
  ...
# Subtest: damage decals never write simulation state: the real repair route stays bit-identical with them attached
ok 184 - damage decals never write simulation state: the real repair route stays bit-identical with them attached
  ---
  duration_ms: 3033.463534
  type: 'test'
  ...
# Subtest: damage decal sources stay presentation-only: no RNG, no simulation writes, a single Game hook
ok 185 - damage decal sources stay presentation-only: no RNG, no simulation writes, a single Game hook
  ---
  duration_ms: 3.432248
  type: 'test'
  ...
# Subtest: marks sit on the drawn receiver with a fixed lift, differ per material and never z-fight
ok 186 - marks sit on the drawn receiver with a fixed lift, differ per material and never z-fight
  ---
  duration_ms: 123.668362
  type: 'test'
  ...
# Subtest: portal wall marks stay on masonry: never across the arch opening or below its apex
ok 187 - portal wall marks stay on masonry: never across the arch opening or below its apex
  ---
  duration_ms: 2.183408
  type: 'test'
  ...
# Subtest: the west bridgehead marks the drawn embankment, never the walkable abutment buried under it
ok 188 - the west bridgehead marks the drawn embankment, never the walkable abutment buried under it
  ---
  duration_ms: 68.362649
  type: 'test'
  ...
# Subtest: mark pools, spall, debris and embers stay within the declared per-quality budget
ok 189 - mark pools, spall, debris and embers stay within the declared per-quality budget
  ---
  duration_ms: 715.580057
  type: 'test'
  ...
# Subtest: marks expire on the mission clock and are dropped deterministically when time runs backwards
ok 190 - marks expire on the mission clock and are dropped deterministically when time runs backwards
  ---
  duration_ms: 209.814409
  type: 'test'
  ...
# Subtest: blast residue lies on drawn surfaces, skips destroyed decks and the station interior, and is deterministic
ok 191 - blast residue lies on drawn surfaces, skips destroyed decks and the station interior, and is deterministic
  ---
  duration_ms: 41.759053
  type: 'test'
  ...
# Subtest: reset clears every transient mark and the residue rebuilds identically from saved damage; restore follows the save
ok 192 - reset clears every transient mark and the residue rebuilds identically from saved damage; restore follows the save
  ---
  duration_ms: 1811.370498
  type: 'test'
  ...
# Subtest: marks on a demolished span or a lowered cover are invalidated; marks elsewhere persist
ok 193 - marks on a demolished span or a lowered cover are invalidated; marks elsewhere persist
  ---
  duration_ms: 125.829817
  type: 'test'
  ...
# Subtest: the decal atlas is original, deterministic art with bounded size
ok 194 - the decal atlas is original, deterministic art with bounded size
  ---
  duration_ms: 204.198614
  type: 'test'
  ...
# Subtest: demolition bearing follows the actual impact and player view without changing the event or camera
ok 195 - demolition bearing follows the actual impact and player view without changing the event or camera
  ---
  duration_ms: 4198.633313
  type: 'test'
  ...
# Subtest: demolition cue restores from data, expires on active time, and distinguishes the west blast
ok 196 - demolition cue restores from data, expires on active time, and distinguishes the west blast
  ---
  duration_ms: 162.919411
  type: 'test'
  ...
# Subtest: M01 environment prop layout is deterministic, uniquely identified and grounded
ok 197 - M01 environment prop layout is deterministic, uniquely identified and grounded
  ---
  duration_ms: 8.421592
  type: 'test'
  ...
# Subtest: visual prop generation cannot consume gameplay RNG or mutate world colliders/save state
ok 198 - visual prop generation cannot consume gameplay RNG or mutate world colliders/save state
  ---
  duration_ms: 4.911596
  type: 'test'
  ...
# Subtest: critical rail, road and station access corridors remain visually clear
ok 199 - critical rail, road and station access corridors remain visually clear
  ---
  duration_ms: 2.962832
  type: 'test'
  ...
# Subtest: Low, Medium and High preserve composition while scaling detail coherently
ok 200 - Low, Medium and High preserve composition while scaling detail coherently
  ---
  duration_ms: 1.094278
  type: 'test'
  ...
# Subtest: rebuilding the visual layout is idempotent and does not create logical duplicates
ok 201 - rebuilding the visual layout is idempotent and does not create logical duplicates
  ---
  duration_ms: 3.78504
  type: 'test'
  ...
# Subtest: visual quality respects explicit settings and conservative hardware fallback
ok 202 - visual quality respects explicit settings and conservative hardware fallback
  ---
  duration_ms: 0.85664
  type: 'test'
  ...
# Subtest: foreground trunks obstruct walking and shots; restoring destruction reconstructs the same static obstacles
ok 203 - foreground trunks obstruct walking and shots; restoring destruction reconstructs the same static obstacles
  ---
  duration_ms: 4.372835
  type: 'test'
  ...
# Subtest: intro cards and fade follow the cs_m01_intro beats in mission data
ok 204 - intro cards and fade follow the cs_m01_intro beats in mission data
  ---
  duration_ms: 1.60695
  type: 'test'
  ...
# Subtest: roll call fades in with the 07:05 card from the battle clock and fades out at the debrief beat
ok 205 - roll call fades in with the 07:05 card from the battle clock and fades out at the debrief beat
  ---
  duration_ms: 0.614936
  type: 'test'
  ...
# Subtest: objective transitions, interaction keys and optional objective split are presentation parsing only
ok 206 - objective transitions, interaction keys and optional objective split are presentation parsing only
  ---
  duration_ms: 0.613524
  type: 'test'
  ...
# Subtest: the presenter never changes simulation state and keeps HUD text contracts on a real route
ok 207 - the presenter never changes simulation state and keeps HUD text contracts on a real route
  ---
  duration_ms: 4058.973392
  type: 'test'
  ...
# Subtest: checkpoint feedback, restore fade and continue card are timed by the simulation clock
ok 208 - checkpoint feedback, restore fade and continue card are timed by the simulation clock
  ---
  duration_ms: 42.033867
  type: 'test'
  ...
# Subtest: M01 Ju 87 B-1: metres, nose to −Z, 11.10 × 13.80 m, stable nodes and three LODs within budget
ok 209 - M01 Ju 87 B-1: metres, nose to −Z, 11.10 × 13.80 m, stable nodes and three LODs within budget
  ---
  duration_ms: 3.632395
  type: 'test'
  ...
# Subtest: M01 Ju 87 B-1: propeller turns a full revolution about Z; dive brakes open 90° about their hinge
ok 210 - M01 Ju 87 B-1: propeller turns a full revolution about Z; dive brakes open 90° about their hinge
  ---
  duration_ms: 1.144677
  type: 'test'
  ...
# Subtest: real GLBs: bounded decreasing LOD budgets, finite valid attributes, original licence and visible locomotive features
ok 211 - real GLBs: bounded decreasing LOD budgets, finite valid attributes, original licence and visible locomotive features
  ---
  duration_ms: 20.316217
  type: 'test'
  ...
# Subtest: loaded actual assets retain anchor and orientation; one visible LOD and three draw meshes
ok 212 - loaded actual assets retain anchor and orientation; one visible LOD and three draw meshes
  ---
  duration_ms: 83.456529
  type: 'test'
  ...
# Subtest: LOD hysteresis avoids boundary flicker and ignores quality, clock and camera semantics
ok 213 - LOD hysteresis avoids boundary flicker and ignores quality, clock and camera semantics
  ---
  duration_ms: 0.119991
  type: 'test'
  ...
# Subtest: partial asset failure uses a surviving LOD; total failure retains exact old proxy extents
ok 214 - partial asset failure uses a surviving LOD; total failure retains exact old proxy extents
  ---
  duration_ms: 12.534488
  type: 'test'
  ...
# Subtest: late optional downloads cannot attach after disposal; asset cache owns shared buffers
ok 215 - late optional downloads cannot attach after disposal; asset cache owns shared buffers
  ---
  duration_ms: 12.951415
  type: 'test'
  ...
# Subtest: integration preserves gameplay, RNG, hitboxes/muzzle modules, missions and non-presentation base assets byte-identical
ok 216 - integration preserves gameplay, RNG, hitboxes/muzzle modules, missions and non-presentation base assets byte-identical
  ---
  duration_ms: 9714.299613
  type: 'test'
  ...
# Subtest: pause/restore and repeated rendering never mutate a save or introduce train movement authority
ok 217 - pause/restore and repeated rendering never mutate a save or introduce train movement authority
  ---
  duration_ms: 42.977123
  type: 'test'
  ...
# Subtest: M01 MG 34: metros, cano para −Z, 1,219 m ±2 %, peças móveis com pivô e três LODs no orçamento
ok 218 - M01 MG 34: metros, cano para −Z, 1,219 m ±2 %, peças móveis com pivô e três LODs no orçamento
  ---
  duration_ms: 2.448728
  type: 'test'
  ...
# Subtest: M01 MG 34: clips mg34_* ligam-se ao rig do soldado alemão e aos nós da arma; rajada de 7 a 800/min; recarga do tambor
ok 219 - M01 MG 34: clips mg34_* ligam-se ao rig do soldado alemão e aos nós da arma; rajada de 7 a 800/min; recarga do tambor
  ---
  duration_ms: 10.431034
  type: 'test'
  ...
# Subtest: M01 MG 34 deitada: nomes novos, kit da MG 34 e soldados reutilizados sem alterações (hashes do manifesto)
ok 220 - M01 MG 34 deitada: nomes novos, kit da MG 34 e soldados reutilizados sem alterações (hashes do manifesto)
  ---
  duration_ms: 12.406404
  type: 'test'
  ...
# Subtest: M01 MG 34 deitada: alvos do rig e da arma, valores finitos, quaternões unitários e durações
ok 221 - M01 MG 34 deitada: alvos do rig e da arma, valores finitos, quaternões unitários e durações
  ---
  duration_ms: 33.352589
  type: 'test'
  ...
# Subtest: M01 MG 34 deitada: rajada de 7 a 0,075 s, janela e cortes; bípode aberto/dobrado; recarga coordenada
ok 222 - M01 MG 34 deitada: rajada de 7 a 0,075 s, janela e cortes; bípode aberto/dobrado; recarga coordenada
  ---
  duration_ms: 2.074885
  type: 'test'
  ...
# Subtest: M01 MG 34 deitada: continuidade com mg34_aim do kit e entre clips deitados
ok 223 - M01 MG 34 deitada: continuidade com mg34_aim do kit e entre clips deitados
  ---
  duration_ms: 48.623391
  type: 'test'
  ...
# Subtest: M01 MG 34 deitada: AnimationMixer do three.js — contactos, passagem do tambor e pausa/retoma no mesmo frame
ok 224 - M01 MG 34 deitada: AnimationMixer do three.js — contactos, passagem do tambor e pausa/retoma no mesmo frame
  ---
  duration_ms: 40.242204
  type: 'test'
  ...
# Subtest: actual renderer samples enter, idle, burst and exit from simulation and matches its muzzle within 2 mm
ok 225 - actual renderer samples enter, idle, burst and exit from simulation and matches its muzzle within 2 mm
  ---
  duration_ms: 119.914356
  type: 'test'
  ...
# Subtest: renderer save after 1 shots restores same frame and flash without replay or RNG draws
ok 226 - renderer save after 1 shots restores same frame and flash without replay or RNG draws
  ---
  duration_ms: 97.556755
  type: 'test'
  ...
# Subtest: renderer save after 4 shots restores same frame and flash without replay or RNG draws
ok 227 - renderer save after 4 shots restores same frame and flash without replay or RNG draws
  ---
  duration_ms: 77.209182
  type: 'test'
  ...
# Subtest: renderer save after 6 shots restores same frame and flash without replay or RNG draws
ok 228 - renderer save after 6 shots restores same frame and flash without replay or RNG draws
  ---
  duration_ms: 51.923277
  type: 'test'
  ...
# Subtest: missing prone GLB uses existing procedural batches without changing gameplay, hitboxes, save, RNG or real shots
ok 229 - missing prone GLB uses existing procedural batches without changing gameplay, hitboxes, save, RNG or real shots
  ---
  duration_ms: 68.402214
  type: 'test'
  ...
# Subtest: rendered death during enter has no residual prone frame, weapon, flash or loader
ok 230 - rendered death during enter has no residual prone frame, weapon, flash or loader
  ---
  duration_ms: 46.599909
  type: 'test'
  ...
# Subtest: rendered death during idle has no residual prone frame, weapon, flash or loader
ok 231 - rendered death during idle has no residual prone frame, weapon, flash or loader
  ---
  duration_ms: 37.190539
  type: 'test'
  ...
# Subtest: rendered death during fire_burst has no residual prone frame, weapon, flash or loader
ok 232 - rendered death during fire_burst has no residual prone frame, weapon, flash or loader
  ---
  duration_ms: 46.131734
  type: 'test'
  ...
# Subtest: rendered death during exit has no residual prone frame, weapon, flash or loader
ok 233 - rendered death during exit has no residual prone frame, weapon, flash or loader
  ---
  duration_ms: 77.259101
  type: 'test'
  ...
# Subtest: actual muzzle effect after shot 1 has no extra flash in the .06/.075 gap or restore
not ok 234 - actual muzzle effect after shot 1 has no extra flash in the .06/.075 gap or restore
  ---
  duration_ms: 3.755937
  type: 'test'
  location: '/workspace/scratch/2975fbb80cc7/COD-guerra-v6/tests/m01-mg34-prone-presentation.test.js:84:30'
  failureType: 'testCodeFailure'
  error: "Cannot read properties of undefined (reading 'set')"
  code: 'ERR_TEST_FAILURE'
  name: 'TypeError'
  stack: |-
    put (file:///workspace/scratch/2975fbb80cc7/COD-guerra-v6/src/render/m01-view.js:281:54)
    M01View.updateFire (file:///workspace/scratch/2975fbb80cc7/COD-guerra-v6/src/render/m01-view.js:294:9)
    realFireEffects (file:///workspace/scratch/2975fbb80cc7/COD-guerra-v6/tests/m01-mg34-prone-presentation.test.js:81:7)
    TestContext.<anonymous> (file:///workspace/scratch/2975fbb80cc7/COD-guerra-v6/tests/m01-mg34-prone-presentation.test.js:85:85)
    Test.runInAsyncScope (node:async_hooks:227:14)
    Test.run (node:internal/test_runner/test:1382:25)
    Test.processPendingSubtests (node:internal/test_runner/test:960:18)
    Test.postRun (node:internal/test_runner/test:1522:19)
    Test.run (node:internal/test_runner/test:1447:12)
    async Test.processPendingSubtests (node:internal/test_runner/test:960:7)
  ...
# Subtest: actual muzzle effect after shot 4 has no extra flash in the .06/.075 gap or restore
not ok 235 - actual muzzle effect after shot 4 has no extra flash in the .06/.075 gap or restore
  ---
  duration_ms: 2.234315
  type: 'test'
  location: '/workspace/scratch/2975fbb80cc7/COD-guerra-v6/tests/m01-mg34-prone-presentation.test.js:84:30'
  failureType: 'testCodeFailure'
  error: "Cannot read properties of undefined (reading 'set')"
  code: 'ERR_TEST_FAILURE'
  name: 'TypeError'
  stack: |-
    put (file:///workspace/scratch/2975fbb80cc7/COD-guerra-v6/src/render/m01-view.js:281:54)
    M01View.updateFire (file:///workspace/scratch/2975fbb80cc7/COD-guerra-v6/src/render/m01-view.js:294:9)
    realFireEffects (file:///workspace/scratch/2975fbb80cc7/COD-guerra-v6/tests/m01-mg34-prone-presentation.test.js:81:7)
    TestContext.<anonymous> (file:///workspace/scratch/2975fbb80cc7/COD-guerra-v6/tests/m01-mg34-prone-presentation.test.js:85:85)
    Test.runInAsyncScope (node:async_hooks:227:14)
    Test.run (node:internal/test_runner/test:1382:25)
    Test.processPendingSubtests (node:internal/test_runner/test:960:18)
    Test.postRun (node:internal/test_runner/test:1522:19)
    Test.run (node:internal/test_runner/test:1447:12)
    async Test.processPendingSubtests (node:internal/test_runner/test:960:7)
  ...
# Subtest: actual muzzle effect after shot 6 has no extra flash in the .06/.075 gap or restore
not ok 236 - actual muzzle effect after shot 6 has no extra flash in the .06/.075 gap or restore
  ---
  duration_ms: 2.147303
  type: 'test'
  location: '/workspace/scratch/2975fbb80cc7/COD-guerra-v6/tests/m01-mg34-prone-presentation.test.js:84:30'
  failureType: 'testCodeFailure'
  error: "Cannot read properties of undefined (reading 'set')"
  code: 'ERR_TEST_FAILURE'
  name: 'TypeError'
  stack: |-
    put (file:///workspace/scratch/2975fbb80cc7/COD-guerra-v6/src/render/m01-view.js:281:54)
    M01View.updateFire (file:///workspace/scratch/2975fbb80cc7/COD-guerra-v6/src/render/m01-view.js:294:9)
    realFireEffects (file:///workspace/scratch/2975fbb80cc7/COD-guerra-v6/tests/m01-mg34-prone-presentation.test.js:81:7)
    TestContext.<anonymous> (file:///workspace/scratch/2975fbb80cc7/COD-guerra-v6/tests/m01-mg34-prone-presentation.test.js:85:85)
    Test.runInAsyncScope (node:async_hooks:227:14)
    Test.run (node:internal/test_runner/test:1382:25)
    Test.processPendingSubtests (node:internal/test_runner/test:960:18)
    Test.postRun (node:internal/test_runner/test:1522:19)
    Test.run (node:internal/test_runner/test:1447:12)
    async Test.processPendingSubtests (node:internal/test_runner/test:960:7)
  ...
# Subtest: actual muzzle batches have no post-death flash during all four prone phases
ok 237 - actual muzzle batches have no post-death flash during all four prone phases
  ---
  duration_ms: 5.591531
  type: 'test'
  ...
# Subtest: existing MG34 gunners enter for exactly 1.9 seconds; other actors have no new posture
ok 238 - existing MG34 gunners enter for exactly 1.9 seconds; other actors have no new posture
  ---
  duration_ms: 7.170609
  type: 'test'
  ...
# Subtest: save and atomic restore preserve enter, idle, aim and exit and consume no RNG
ok 239 - save and atomic restore preserve enter, idle, aim and exit and consume no RNG
  ---
  duration_ms: 49.512905
  type: 'test'
  ...
# Subtest: save after shot 1: resume without duplicate/lost rounds, events, frames or RNG
ok 240 - save after shot 1: resume without duplicate/lost rounds, events, frames or RNG
  ---
  duration_ms: 25.642638
  type: 'test'
  ...
# Subtest: save after shot 4: resume without duplicate/lost rounds, events, frames or RNG
ok 241 - save after shot 4: resume without duplicate/lost rounds, events, frames or RNG
  ---
  duration_ms: 30.870481
  type: 'test'
  ...
# Subtest: save after shot 6: resume without duplicate/lost rounds, events, frames or RNG
ok 242 - save after shot 6: resume without duplicate/lost rounds, events, frames or RNG
  ---
  duration_ms: 13.136153
  type: 'test'
  ...
# Subtest: 4, 5, 6 and 7 shots preserve the requested count and real .075 cadence
ok 243 - 4, 5, 6 and 7 shots preserve the requested count and real .075 cadence
  ---
  duration_ms: 4.135448
  type: 'test'
  ...
# Subtest: pause leaves posture, progress, shot, pending burst, RNG and complete snapshot exactly stable
ok 244 - pause leaves posture, progress, shot, pending burst, RNG and complete snapshot exactly stable
  ---
  duration_ms: 27.057468
  type: 'test'
  ...
# Subtest: ADVANCE exits prone, blocks firing, then remains standing
ok 245 - ADVANCE exits prone, blocks firing, then remains standing
  ---
  duration_ms: 0.950962
  type: 'test'
  ...
# Subtest: RETREAT exits prone, blocks firing, then remains standing
ok 246 - RETREAT exits prone, blocks firing, then remains standing
  ---
  duration_ms: 0.812774
  type: 'test'
  ...
# Subtest: movement waits for exit; interrupted entry reverses its saved fractional progress
ok 247 - movement waits for exit; interrupted entry reverses its saved fractional progress
  ---
  duration_ms: 1.85917
  type: 'test'
  ...
# Subtest: suppression keeps the gunner low and cancels pending shots without cancelling those in flight
ok 248 - suppression keeps the gunner low and cancels pending shots without cancelling those in flight
  ---
  duration_ms: 9.031972
  type: 'test'
  ...
# Subtest: death during enter immediately clears posture and future shots
ok 249 - death during enter immediately clears posture and future shots
  ---
  duration_ms: 7.851414
  type: 'test'
  ...
# Subtest: death during idle immediately clears posture and future shots
ok 250 - death during idle immediately clears posture and future shots
  ---
  duration_ms: 7.845565
  type: 'test'
  ...
# Subtest: death during fire_burst immediately clears posture and future shots
ok 251 - death during fire_burst immediately clears posture and future shots
  ---
  duration_ms: 8.376154
  type: 'test'
  ...
# Subtest: death during exit immediately clears posture and future shots
ok 252 - death during exit immediately clears posture and future shots
  ---
  duration_ms: 7.668489
  type: 'test'
  ...
# Subtest: inactivity discards pending combat and never creates a loader association
ok 253 - inactivity discards pending combat and never creates a loader association
  ---
  duration_ms: 1.621673
  type: 'test'
  ...
# Subtest: legacy missing prone data resumes safely with no marker; 86 roster/CKM migration stays unchanged
ok 254 - legacy missing prone data resumes safely with no marker; 86 roster/CKM migration stays unchanged
  ---
  duration_ms: 10.645873
  type: 'test'
  ...
# Subtest: invalid partial/impossible prone fields reject atomically without changing source or target
ok 255 - invalid partial/impossible prone fields reject atomically without changing source or target
  ---
  duration_ms: 56.754653
  type: 'test'
  ...
# Subtest: movement and S3 station evacuation bodies remain byte-for-byte identical to the fixed base
ok 256 - movement and S3 station evacuation bodies remain byte-for-byte identical to the fixed base
  ---
  duration_ms: 8025.369821
  type: 'test'
  ...
# Subtest: a nonlethal hit interrupts the remaining burst and stays low with a valid snapshot
ok 257 - a nonlethal hit interrupts the remaining burst and stays low with a valid snapshot
  ---
  duration_ms: 3.232588
  type: 'test'
  ...
# Subtest: player fire observes the current transition progress within a real simulation tick
ok 258 - player fire observes the current transition progress within a real simulation tick
  ---
  duration_ms: 2.973669
  type: 'test'
  ...
# Subtest: save cannot remove or alter an emitted round still in flight
ok 259 - save cannot remove or alter an emitted round still in flight
  ---
  duration_ms: 10.138988
  type: 'test'
  ...
# Subtest: OUTRO cancels pending rounds and blocks new MG bursts while preserving existing flight
ok 260 - OUTRO cancels pending rounds and blocks new MG bursts while preserving existing flight
  ---
  duration_ms: 1.171594
  type: 'test'
  ...
# Subtest: a target already reached never rewrites the state of a fixed prone burst
ok 261 - a target already reached never rewrites the state of a fixed prone burst
  ---
  duration_ms: 3.149533
  type: 'test'
  ...
# MG34 muzzle proof: 2496 comparisons, max=0.000038402 m, tolerance=0.002 m
# Subtest: numeric muzzle proof against real attached soldier/weapon GLBs for all phases and four facings
ok 262 - numeric muzzle proof against real attached soldier/weapon GLBs for all phases and four facings
  ---
  duration_ms: 137.582247
  type: 'test'
  ...
# Subtest: geometry table is derived reproducibly from the exact real GLBs, without a graphics or asset dependency in simulation
ok 263 - geometry table is derived reproducibly from the exact real GLBs, without a graphics or asset dependency in simulation
  ---
  duration_ms: 92.938688
  type: 'test'
  ...
# Subtest: head/torso/legs move along body axis facing=0 during prone and transitions
ok 264 - head/torso/legs move along body axis facing=0 during prone and transitions
  ---
  duration_ms: 0.948628
  type: 'test'
  ...
# Subtest: head/torso/legs move along body axis facing=1.5707963267948966 during prone and transitions
ok 265 - head/torso/legs move along body axis facing=1.5707963267948966 during prone and transitions
  ---
  duration_ms: 0.417178
  type: 'test'
  ...
# Subtest: head/torso/legs move along body axis facing=3.141592653589793 during prone and transitions
ok 266 - head/torso/legs move along body axis facing=3.141592653589793 during prone and transitions
  ---
  duration_ms: 0.304769
  type: 'test'
  ...
# Subtest: head/torso/legs move along body axis facing=-1.5707963267948966 during prone and transitions
ok 267 - head/torso/legs move along body axis facing=-1.5707963267948966 during prone and transitions
  ---
  duration_ms: 0.19236
  type: 'test'
  ...
# Subtest: partial entry interruption reverses the actual enter clip continuously instead of jumping to an unrelated exit frame
ok 268 - partial entry interruption reverses the actual enter clip continuously instead of jumping to an unrelated exit frame
  ---
  duration_ms: 0.794817
  type: 'test'
  ...
# Subtest: real rounds start at the rendered prone socket at each of seven scheduled shot instants
ok 269 - real rounds start at the rendered prone socket at each of seven scheduled shot instants
  ---
  duration_ms: 19.318282
  type: 'test'
  ...
# Subtest: pause keeps eye, hitboxes, muzzle and canonical clip frame exactly stable across all saved phases
ok 270 - pause keeps eye, hitboxes, muzzle and canonical clip frame exactly stable across all saved phases
  ---
  duration_ms: 1.877358
  type: 'test'
  ...
# Subtest: real GLBs: bounded decreasing LOD budgets, finite valid attributes, original licence and five distinct conservative profiles
ok 271 - real GLBs: bounded decreasing LOD budgets, finite valid attributes, original licence and five distinct conservative profiles
  ---
  duration_ms: 26.726552
  type: 'test'
  ...
# Subtest: loaded actual assets retain anchor and orientation; one visible LOD and three draw meshes
ok 272 - loaded actual assets retain anchor and orientation; one visible LOD and three draw meshes
  ---
  duration_ms: 106.63317
  type: 'test'
  ...
# Subtest: LOD hysteresis avoids boundary flicker and ignores quality, clock and camera semantics
ok 273 - LOD hysteresis avoids boundary flicker and ignores quality, clock and camera semantics
  ---
  duration_ms: 0.10619
  type: 'test'
  ...
# Subtest: partial asset failure uses a surviving LOD; total failure retains exact old proxy extents
ok 274 - partial asset failure uses a surviving LOD; total failure retains exact old proxy extents
  ---
  duration_ms: 16.456592
  type: 'test'
  ...
# Subtest: late optional downloads cannot attach after disposal; asset cache owns shared buffers
ok 275 - late optional downloads cannot attach after disposal; asset cache owns shared buffers
  ---
  duration_ms: 15.550978
  type: 'test'
  ...
# Subtest: integration preserves gameplay, RNG, hitboxes/muzzle modules, missions and non-presentation base assets byte-identical
ok 276 - integration preserves gameplay, RNG, hitboxes/muzzle modules, missions and non-presentation base assets byte-identical
  ---
  duration_ms: 412.882111
  type: 'test'
  ...
# Subtest: pause/restore and repeated rendering never mutate a save or introduce train movement authority
ok 277 - pause/restore and repeated rendering never mutate a save or introduce train movement authority
  ---
  duration_ms: 49.992834
  type: 'test'
  ...
# Subtest: the real roll call seats only the present actors and keeps their positions and pose through save/reload
ok 278 - the real roll call seats only the present actors and keeps their positions and pose through save/reload
  ---
  duration_ms: 3759.875524
  type: 'test'
  ...
# Subtest: actual instance matrices lower seated/crouched heads, keep seated feet on the floor and render horizontal wounded/carried bodies without mutating data
ok 279 - actual instance matrices lower seated/crouched heads, keep seated feet on the floor and render horizontal wounded/carried bodies without mutating data
  ---
  duration_ms: 16.128688
  type: 'test'
  ...
# Subtest: legacy actors without pose remain accepted and an unknown saved pose is rejected atomically
ok 280 - legacy actors without pose remain accepted and an unknown saved pose is rejected atomically
  ---
  duration_ms: 14.097128
  type: 'test'
  ...
# Subtest: distance removes face accessories while retaining the same head position, pose and immutable actor
ok 281 - distance removes face accessories while retaining the same head position, pose and immutable actor
  ---
  duration_ms: 2.738564
  type: 'test'
  ...
# Subtest: a shot shoulders the rifle, keeps both hands on it and attaches the flash to the barrel through yaw and recoil
ok 282 - a shot shoulders the rifle, keeps both hands on it and attaches the flash to the barrel through yaw and recoil
  ---
  duration_ms: 1.74655
  type: 'test'
  ...
# Subtest: suppression lowers the upper body with feet planted and takes priority over a recent shot; seated, wounded and unarmed actors do not aim
ok 283 - suppression lowers the upper body with feet planted and takes priority over a recent shot; seated, wounded and unarmed actors do not aim
  ---
  duration_ms: 2.51008
  type: 'test'
  ...
# Subtest: a real combat save reproduces the same animation matrices at the same clock after reload and walking lifts a foot without sinking either boot
ok 284 - a real combat save reproduces the same animation matrices at the same clock after reload and walking lifts a foot without sinking either boot
  ---
  duration_ms: 551.243395
  type: 'test'
  ...
# Subtest: M01 rkm wz.28: metres, barrel to −Z, 1.11 m ±2 %, movable parts and three LODs within budget
ok 285 - M01 rkm wz.28: metres, barrel to −Z, 1.11 m ±2 %, movable parts and three LODs within budget
  ---
  duration_ms: 2.305191
  type: 'test'
  ...
# Subtest: M01 rkm wz.28: clips bind to the soldier skeleton; burst fires 3 rounds; rifle clip hidden
ok 286 - M01 rkm wz.28: clips bind to the soldier skeleton; burst fires 3 rounds; rifle clip hidden
  ---
  duration_ms: 3.702114
  type: 'test'
  ...
# Subtest: the pure collision JSON remains reproducible from the checked GLB translations
ok 287 - the pure collision JSON remains reproducible from the checked GLB translations
  ---
  duration_ms: 83.79209
  type: 'test'
  ...
# Subtest: debug diagnostics return copies; editing a returned gate or failure cannot change live state
ok 288 - debug diagnostics return copies; editing a returned gate or failure cannot change live state
  ---
  duration_ms: 8.351486
  type: 'test'
  ...
# Subtest: wz.29 requires a bolt cycle; an empty magazine uses a clip of five, preserving ammunition
ok 289 - wz.29 requires a bolt cycle; an empty magazine uses a clip of five, preserving ammunition
  ---
  duration_ms: 0.230096
  type: 'test'
  ...
# Subtest: wz.29 partial loading commits one round at a time and can be interrupted; in-progress saves resume it
ok 290 - wz.29 partial loading commits one round at a time and can be interrupted; in-progress saves resume it
  ---
  duration_ms: 0.288815
  type: 'test'
  ...
# Subtest: M01 complete control route reaches debrief, all required objectives, unique events and all four actual checkpoints
ok 291 - M01 complete control route reaches debrief, all required objectives, unique events and all four actual checkpoints
  ---
  duration_ms: 3681.019618
  type: 'test'
  ...
# Subtest: every M01 checkpoint restores exact actors, ammunition, RNG, dialogue, destruction and real clocks after death
ok 292 - every M01 checkpoint restores exact actors, ammunition, RNG, dialogue, destruction and real clocks after death
  ---
  duration_ms: 32.857018
  type: 'test'
  ...
# Subtest: damaged bridge pieces and German casualties survive LOD changes and checkpoint restoration
ok 293 - damaged bridge pieces and German casualties survive LOD changes and checkpoint restoration
  ---
  duration_ms: 6.556904
  type: 'test'
  ...
# Subtest: overdue events use >=; delayed events wait active seconds; pause freezes both clocks and weapon work
ok 294 - overdue events use >=; delayed events wait active seconds; pause freezes both clocks and weapon work
  ---
  duration_ms: 19.830191
  type: 'test'
  ...
# Subtest: a late message never rewinds battle time and every aerial impact stays at least thirty metres away
ok 295 - a late message never rewinds battle time and every aerial impact stays at least thirty metres away
  ---
  duration_ms: 2.224821
  type: 'test'
  ...
# Subtest: west demolition waits inside the safety zone, then releases once the player and allies have left
ok 296 - west demolition waits inside the safety zone, then releases once the player and allies have left
  ---
  duration_ms: 46.808908
  type: 'test'
  ...
# Subtest: boundary warning precedes failure and its eight second timer resets when the player returns
ok 297 - boundary warning precedes failure and its eight second timer resets when the player returns
  ---
  duration_ms: 1.654001
  type: 'test'
  ...
# Subtest: metre-space hitboxes, actual cover and bridge joints support shots and continuous travel
ok 298 - metre-space hitboxes, actual cover and bridge joints support shots and continuous travel
  ---
  duration_ms: 1.044683
  type: 'test'
  ...
# Subtest: corrupt M01 state is rejected atomically before an active scene, grenade or missing timer can crash the game
ok 299 - corrupt M01 state is rejected atomically before an active scene, grenade or missing timer can crash the game
  ---
  duration_ms: 24.937343
  type: 'test'
  ...
# Subtest: outro calls Nowicki twice as distinct beats and consumes completion once, including skip after partial playback
ok 300 - outro calls Nowicki twice as distinct beats and consumes completion once, including skip after partial playback
  ---
  duration_ms: 61.667913
  type: 'test'
  ...
# Subtest: optional Bąk rescue cannot be taken away mid-carry; delivery chooses the player continuity branch
ok 301 - optional Bąk rescue cannot be taken away mid-carry; delivery chooses the player continuity branch
  ---
  duration_ms: 3.11449
  type: 'test'
  ...
# Subtest: all five sectors keep their schedule and stable casualties for ninety seconds while the player looks away
ok 302 - all five sectors keep their schedule and stable casualties for ninety seconds while the player looks away
  ---
  duration_ms: 472.399452
  type: 'test'
  ...
# Subtest: west hold timeout sends the sergeant to escort the player without demolition damage
ok 303 - west hold timeout sends the sergeant to escort the player without demolition damage
  ---
  duration_ms: 945.179041
  type: 'test'
  ...
# Subtest: grenade blast starts at its real height; solid cover shields a nearby actor and inactive actors stay unharmed
ok 304 - grenade blast starts at its real height; solid cover shields a nearby actor and inactive actors stay unharmed
  ---
  duration_ms: 1.370905
  type: 'test'
  ...
# Subtest: first divergence diagnostic detects exact tick, field, missing key and event changes
ok 305 - first divergence diagnostic detects exact tick, field, missing key and event changes
  ---
  duration_ms: 22.738551
  type: 'test'
  ...
# Subtest: full route A/B with CP-A..D, events, RNG and long continuation: seed 19390901, support false
ok 306 - full route A/B with CP-A..D, events, RNG and long continuation: seed 19390901, support false
  ---
  duration_ms: 71222.59884
  type: 'test'
  ...
# Subtest: full route A/B with CP-A..D, events, RNG and long continuation: seed 7, support true
ok 307 - full route A/B with CP-A..D, events, RNG and long continuation: seed 7, support true
  ---
  duration_ms: 64744.467724
  type: 'test'
  ...
# Subtest: MG34 seven-shot burst after 1, actual tick pipeline plus grenade, rifle RNG and double load
ok 308 - MG34 seven-shot burst after 1, actual tick pipeline plus grenade, rifle RNG and double load
  ---
  duration_ms: 424.330988
  type: 'test'
  ...
# Subtest: MG34 seven-shot burst after 4, actual tick pipeline plus grenade, rifle RNG and double load
ok 309 - MG34 seven-shot burst after 4, actual tick pipeline plus grenade, rifle RNG and double load
  ---
  duration_ms: 421.796372
  type: 'test'
  ...
# Subtest: MG34 seven-shot burst after 6, actual tick pipeline plus grenade, rifle RNG and double load
ok 310 - MG34 seven-shot burst after 6, actual tick pipeline plus grenade, rifle RNG and double load
  ---
  duration_ms: 414.833779
  type: 'test'
  ...
# Subtest: station grab: variable timestep, zero-dt pause, double save/load
ok 311 - station grab: variable timestep, zero-dt pause, double save/load
  ---
  duration_ms: 861.465119
  type: 'test'
  ...
# Subtest: station drag: variable timestep, zero-dt pause, double save/load
ok 312 - station drag: variable timestep, zero-dt pause, double save/load
  ---
  duration_ms: 915.829668
  type: 'test'
  ...
# Subtest: station release: variable timestep, zero-dt pause, double save/load
ok 313 - station release: variable timestep, zero-dt pause, double save/load
  ---
  duration_ms: 935.889707
  type: 'test'
  ...
# Subtest: grenade bounce/fuse, rifle bolt and partial reload continue with exact RNG and events
ok 314 - grenade bounce/fuse, rifle bolt and partial reload continue with exact RNG and events
  ---
  duration_ms: 467.108314
  type: 'test'
  ...
# Subtest: Bąk player carry/late delivery followed by Dudek evacuation and both demolitions
ok 315 - Bąk player carry/late delivery followed by Dudek evacuation and both demolitions
  ---
  duration_ms: 26091.223086
  type: 'test'
  ...
# Subtest: legacy 86/89 actors, missing optional fields and old CKM placement migrate once then have identical futures
ok 316 - legacy 86/89 actors, missing optional fields and old CKM placement migrate once then have identical futures
  ---
  duration_ms: 804.35628
  type: 'test'
  ...
# Subtest: legacy MG34 pre-created future rounds migrate without replay, then continue identically
ok 317 - legacy MG34 pre-created future rounds migrate without replay, then continue identically
  ---
  duration_ms: 441.156918
  type: 'test'
  ...
# Subtest: death between each real CP-A..D and the next CP preserves exact recovery and subsequent future
ok 318 - death between each real CP-A..D and the next CP preserves exact recovery and subsequent future
  ---
  duration_ms: 2287.593112
  type: 'test'
  ...
# Subtest: corrupt cross-system states reject atomically and leave the destination future unchanged
ok 319 - corrupt cross-system states reject atomically and leave the destination future unchanged
  ---
  duration_ms: 925.507116
  type: 'test'
  ...
# Subtest: corrupt weapon method/profile, unsigned RNG and unknown phase reject before changing future gameplay
ok 320 - corrupt weapon method/profile, unsigned RNG and unknown phase reject before changing future gameplay
  ---
  duration_ms: 615.664914
  type: 'test'
  ...
# Subtest: OUTRO playback, skip, double load and completed no-op use the same dialogue/event future
ok 321 - OUTRO playback, skip, double load and completed no-op use the same dialogue/event future
  ---
  duration_ms: 3986.947469
  type: 'test'
  ...
# Subtest: save between checkpoints preserves the future respawn destination
ok 322 - save between checkpoints preserves the future respawn destination
  ---
  duration_ms: 13.284701
  type: 'test'
  ...
# Subtest: motion package contains six distinct original clips and no renderable geometry, textures or root channels
ok 323 - motion package contains six distinct original clips and no renderable geometry, textures or root channels
  ---
  duration_ms: 2.514367
  type: 'test'
  ...
# Subtest: documented locomotion distance, contacts and durations can be sampled from an odometer
ok 324 - documented locomotion distance, contacts and durations can be sampled from an odometer
  ---
  duration_ms: 0.270908
  type: 'test'
  ...
# Subtest: all PL/DE and 61/28-joint LOD variants accept the same locked bind pose
ok 325 - all PL/DE and 61/28-joint LOD variants accept the same locked bind pose
  ---
  duration_ms: 3136.670424
  type: 'test'
  ...
# Subtest: real GLTFLoader/AnimationMixer binds all tracks, preserves root and limb lengths, without NaN or warnings
ok 326 - real GLTFLoader/AnimationMixer binds all tracks, preserves root and limb lengths, without NaN or warnings
  ---
  duration_ms: 768.469998
  type: 'test'
  ...
# Subtest: actual skinned boot soles stay above ground; nominal root displacement cancels planted-foot drift
ok 327 - actual skinned boot soles stay above ground; nominal root displacement cancels planted-foot drift
  ---
  duration_ms: 0.593323
  type: 'test'
  ...
# Subtest: wrists follow the weapon profile and elbows remain outside the chest envelope through the actual interpolated clips
ok 328 - wrists follow the weapon profile and elbows remain outside the chest envelope through the actual interpolated clips
  ---
  duration_ms: 0.219921
  type: 'test'
  ...
# Subtest: locomotion loops have matching transforms and no single-tick joint jump
ok 329 - locomotion loops have matching transforms and no single-tick joint jump
  ---
  duration_ms: 0.25918
  type: 'test'
  ...
# Subtest: left/right turns use opposite foot orders and ±90° skeletal yaw while the actor root stays fixed
ok 330 - left/right turns use opposite foot orders and ±90° skeletal yaw while the actor root stays fixed
  ---
  duration_ms: 121.012756
  type: 'test'
  ...
# Subtest: reactions recover to their initial pose without deciding combat or moving the actor root
ok 331 - reactions recover to their initial pose without deciding combat or moving the actor root
  ---
  duration_ms: 47.98123
  type: 'test'
  ...
# Subtest: the full visible skin stays finite and anatomically bounded at five requested clip phases on all six models
ok 332 - the full visible skin stays finite and anatomically bounded at five requested clip phases on all six models
  ---
  duration_ms: 2759.505108
  type: 'test'
  ...
# Subtest: generation reproduces the exact GLB and metadata twice without modifying original assets
ok 333 - generation reproduces the exact GLB and metadata twice without modifying original assets
  ---
  duration_ms: 333.092226
  type: 'test'
  ...
# Subtest: motion package source commit preserves gameplay, original assets, dependencies and workflows
ok 334 - motion package source commit preserves gameplay, original assets, dependencies and workflows
  ---
  duration_ms: 20.988636
  type: 'test'
  ...
# Subtest: eight bounded profiles per nation are deterministic by ID/side/real role and independent of clocks, health, order and quality
ok 335 - eight bounded profiles per nation are deterministic by ID/side/real role and independent of clocks, health, order and quality
  ---
  duration_ms: 9.296902
  type: 'test'
  ...
# Subtest: actual GLB variants survive all three LODs, pause, rebind and re-created renderers without actor/source mutation
ok 336 - actual GLB variants survive all three LODs, pause, rebind and re-created renderers without actor/source mutation
  ---
  duration_ms: 211.326147
  type: 'test'
  ...
# Subtest: OFF vs ON has exactly equal world bones, root/facing, gameplay hitboxes, weapon meshes and rendered muzzle at every LOD
ok 337 - OFF vs ON has exactly equal world bones, root/facing, gameplay hitboxes, weapon meshes and rendered muzzle at every LOD
  ---
  duration_ms: 125.414775
  type: 'test'
  ...
# Subtest: shared originals retain all attributes and indices; source atlas is shared; cached variants add no textures/draws
ok 338 - shared originals retain all attributes and indices; source atlas is shared; cached variants add no textures/draws
  ---
  duration_ms: 130.555436
  type: 'test'
  ...
# Subtest: actual gear silhouettes differ through existing breadbag fullness/optional shovel; ammo pouches and skins remain
ok 339 - actual gear silhouettes differ through existing breadbag fullness/optional shovel; ammo pouches and skins remain
  ---
  duration_ms: 36.202771
  type: 'test'
  ...
# Subtest: simulation futures/RNG/saves/checkpoints are exact with visual OFF vs ON; renderer freeze/reload does not write state
ok 340 - simulation futures/RNG/saves/checkpoints are exact with visual OFF vs ON; renderer freeze/reload does not write state
  ---
  duration_ms: 688.963649
  type: 'test'
  ...
# Subtest: missing optional art stays procedural; release/rebind keeps cached buffers until owner disposal
ok 341 - missing optional art stays procedural; release/rebind keeps cached buffers until owner disposal
  ---
  duration_ms: 23.268222
  type: 'test'
  ...
# Subtest: real continuation and its CP backup keep the same visual identities; German face treatments stay within 3 mm
ok 342 - real continuation and its CP backup keep the same visual identities; German face treatments stay within 3 mm
  ---
  duration_ms: 537.989939
  type: 'test'
  ...
# Subtest: integration preserves gameplay, hitbox/muzzle, save, locomotion and non-presentation base assets byte-identical
ok 343 - integration preserves gameplay, hitbox/muzzle, save, locomotion and non-presentation base assets byte-identical
  ---
  duration_ms: 8199.024469
  type: 'test'
  ...
# Subtest: M01 soldiers: metres, −Z facing, 1.65–1.85 m and the full game skeleton in every LOD
ok 344 - M01 soldiers: metres, −Z facing, 1.65–1.85 m and the full game skeleton in every LOD
  ---
  duration_ms: 6.930307
  type: 'test'
  ...
# Subtest: M01 soldiers: visible triangle budget, textures per LOD and togglable variants
ok 345 - M01 soldiers: visible triangle budget, textures per LOD and togglable variants
  ---
  duration_ms: 5.156516
  type: 'test'
  ...
# Subtest: M01 soldiers: weapons keep documented length (wz.29 1.10, Kar98k ~1.11, wz.98a 1.25, rkm wz.28 1.11 m) with bolt and magazine bones
ok 346 - M01 soldiers: weapons keep documented length (wz.29 1.10, Kar98k ~1.11, wz.98a 1.25, rkm wz.28 1.11 m) with bolt and magazine bones
  ---
  duration_ms: 7.545003
  type: 'test'
  ...
# Subtest: M01 soldier animations bind by bone name and keep kb_wz29 timings
ok 347 - M01 soldier animations bind by bone name and keep kb_wz29 timings
  ---
  duration_ms: 3.725962
  type: 'test'
  ...
# Subtest: Station mesh vertices remain inside the authorised visual envelope at all LODs
ok 348 - Station mesh vertices remain inside the authorised visual envelope at all LODs
  ---
  duration_ms: 251.25775
  type: 'test'
  ...
# Subtest: the facade has real missing wall faces, deep closed reveals and physical parallax
ok 349 - the facade has real missing wall faces, deep closed reveals and physical parallax
  ---
  duration_ms: 129.958825
  type: 'test'
  ...
# Subtest: silhouette, roofs and openings survive quality switches; detail and allocation stay bounded
ok 350 - silhouette, roofs and openings survive quality switches; detail and allocation stay bounded
  ---
  duration_ms: 86.757566
  type: 'test'
  ...
# Subtest: geometry and material maps regenerate byte for byte without random state or external assets
ok 351 - geometry and material maps regenerate byte for byte without random state or external assets
  ---
  duration_ms: 373.353404
  type: 'test'
  ...
# Subtest: Station construction/sync preserves all anchors, colliders, props and save/RNG/evacuation authority
ok 352 - Station construction/sync preserves all anchors, colliders, props and save/RNG/evacuation authority
  ---
  duration_ms: 1081.458964
  type: 'test'
  ...
# Subtest: platform and awning preserve walking clearance in the existing facade and evacuation strips
ok 353 - platform and awning preserve walking clearance in the existing facade and evacuation strips
  ---
  duration_ms: 93.180083
  type: 'test'
  ...
# Subtest: dispose is idempotent; recreate replaces one root and frees owned geometry/material/texture resources once
ok 354 - dispose is idempotent; recreate replaces one root and frees owned geometry/material/texture resources once
  ---
  duration_ms: 229.246341
  type: 'test'
  ...
# Subtest: unexpected or missing Station anchors fail safely before attaching any replacement root
ok 355 - unexpected or missing Station anchors fail safely before attaching any replacement root
  ---
  duration_ms: 0.881257
  type: 'test'
  ...
# Subtest: the real station clips sample both roles from saved phase time, with pause, fresh renderer and LOD restore
ok 356 - the real station clips sample both roles from saved phase time, with pause, fresh renderer and LOD restore
  ---
  duration_ms: 1151.059422
  type: 'test'
  ...
# Subtest: the patient holds the actual final grab pose throughout the moving backward drag
ok 357 - the patient holds the actual final grab pose throughout the moving backward drag
  ---
  duration_ms: 306.822445
  type: 'test'
  ...
# Subtest: a missing or incomplete optional transition pair falls back together and leaves evacuation success to simulation
ok 358 - a missing or incomplete optional transition pair falls back together and leaves evacuation success to simulation
  ---
  duration_ms: 5526.631874
  type: 'test'
  ...
# Subtest: M01 arrasto da estação: ficheiros novos, rig e clips reutilizados sem alterações (SHA-256 do manifesto)
ok 359 - M01 arrasto da estação: ficheiros novos, rig e clips reutilizados sem alterações (SHA-256 do manifesto)
  ---
  duration_ms: 3.899913
  type: 'test'
  ...
# Subtest: M01 arrasto da estação: alvos dos 61 ossos, valores finitos, quaternões unitários, relógio e eventos dos pares
ok 360 - M01 arrasto da estação: alvos dos 61 ossos, valores finitos, quaternões unitários, relógio e eventos dos pares
  ---
  duration_ms: 36.758565
  type: 'test'
  ...
# Subtest: M01 arrasto da estação: extremos iguais às poses reais, percurso inverso e raiz sem deslocação
ok 361 - M01 arrasto da estação: extremos iguais às poses reais, percurso inverso e raiz sem deslocação
  ---
  duration_ms: 189.933783
  type: 'test'
  ...
# Subtest: M01 arrasto da estação: AnimationMixer do three.js — contactos, paciente de costas, corpos e pausa/retoma
ok 362 - M01 arrasto da estação: AnimationMixer do three.js — contactos, paciente de costas, corpos e pausa/retoma
  ---
  duration_ms: 82.205374
  type: 'test'
  ...
# Subtest: the fictional station casualty starts in the yard and the clock triggers his injury only once
ok 363 - the fictional station casualty starts in the yard and the clock triggers his injury only once
  ---
  duration_ms: 381.032148
  type: 'test'
  ...
# Subtest: the backward drag stays on the ground, completes outside the camera and returns Dudek to his post
ok 364 - the backward drag stays on the ground, completes outside the camera and returns Dudek to his post
  ---
  duration_ms: 718.12255
  type: 'test'
  ...
# Subtest: changing the player look never changes the station evacuation or its delivery
ok 365 - changing the player look never changes the station evacuation or its delivery
  ---
  duration_ms: 984.554757
  type: 'test'
  ...
# Subtest: a save during the drag restores the same actors, task and future positions with no scene objects
ok 366 - a save during the drag restores the same actors, task and future positions with no scene objects
  ---
  duration_ms: 633.579205
  type: 'test'
  ...
# Subtest: death or removal of a participant detaches the casualty instead of leaving an invalid or moving carrier reference
ok 367 - death or removal of a participant detaches the casualty instead of leaving an invalid or moving carrier reference
  ---
  duration_ms: 1319.835325
  type: 'test'
  ...
# Subtest: legacy schema 2 saves with an already consumed station event do not replay an injury
ok 368 - legacy schema 2 saves with an already consumed station event do not replay an injury
  ---
  duration_ms: 308.376575
  type: 'test'
  ...
# Subtest: station care coexists with Bąk, all objectives, checkpoints and both historical demolitions on supported and ignored routes
ok 369 - station care coexists with Bąk, all objectives, checkpoints and both historical demolitions on supported and ignored routes
  ---
  duration_ms: 7135.522614
  type: 'test'
  ...
# Subtest: grab and release last 1.6 mission seconds, hold both roots and deliver only after settling
ok 370 - grab and release last 1.6 mission seconds, hold both roots and deliver only after settling
  ---
  duration_ms: 403.577688
  type: 'test'
  ...
# Subtest: schema 2 restores every station phase and its future clocks, actors and RNG exactly
ok 371 - schema 2 restores every station phase and its future clocks, actors and RNG exactly
  ---
  duration_ms: 1020.06083
  type: 'test'
  ...
# Subtest: all station phases interrupt on casualty/medic death, removal or reassignment without delivery
ok 372 - all station phases interrupt on casualty/medic death, removal or reassignment without delivery
  ---
  duration_ms: 4642.607874
  type: 'test'
  ...
# Subtest: old schema 2 transit saves resume without a new grab and corrupt station phases are rejected atomically
ok 373 - old schema 2 transit saves resume without a new grab and corrupt station phases are rejected atomically
  ---
  duration_ms: 370.732758
  type: 'test'
  ...
# Subtest: actual MG34 rig cuts 4/5/6/7-round bursts at their saved duration, keeps one weapon and samples pause/restore without mutation
ok 374 - actual MG34 rig cuts 4/5/6/7-round bursts at their saved duration, keeps one weapon and samples pause/restore without mutation
  ---
  duration_ms: 189.52904
  type: 'test'
  ...
# Subtest: two existing MG sources share art and retain independent rigs within the light budget; LOD, suppression, casualties and missing kit fall back
ok 375 - two existing MG sources share art and retain independent rigs within the light budget; LOD, suppression, casualties and missing kit fall back
  ---
  duration_ms: 163.093931
  type: 'test'
  ...
# Subtest: 65 actual wagon models use LOD2 instances at 9.10 m with source pivots and shared art; partial/full failures preserve the whole consist
ok 376 - 65 actual wagon models use LOD2 instances at 9.10 m with source pivots and shared art; partial/full failures preserve the whole consist
  ---
  duration_ms: 52.80448
  type: 'test'
  ...
# Subtest: disposing while optional wagon downloads are pending never attaches models to the old scene
ok 377 - disposing while optional wagon downloads are pending never attaches models to the old scene
  ---
  duration_ms: 14.866768
  type: 'test'
  ...
# Subtest: M01 declares the mission contract fields of Prompt §74
ok 378 - M01 declares the mission contract fields of Prompt §74
  ---
  duration_ms: 0.963982
  type: 'test'
  ...
# Subtest: M01 IDs are unique across the mission and every reference resolves
ok 379 - M01 IDs are unique across the mission and every reference resolves
  ---
  duration_ms: 1.899361
  type: 'test'
  ...
# Subtest: M01 keeps the documented chronology on the battle clock
ok 380 - M01 keeps the documented chronology on the battle clock
  ---
  duration_ms: 1.300228
  type: 'test'
  ...
# Subtest: M01 equips only gear available on 1 September 1939 and never the forbidden weapons
ok 381 - M01 equips only gear available on 1 September 1939 and never the forbidden weapons
  ---
  duration_ms: 0.286091
  type: 'test'
  ...
# Subtest: M01 keeps the mandatory lines of the master script verbatim
ok 382 - M01 keeps the mandatory lines of the master script verbatim
  ---
  duration_ms: 0.197287
  type: 'test'
  ...
# Subtest: M01 labels history and space only with the agreed vocabularies
ok 383 - M01 labels history and space only with the agreed vocabularies
  ---
  duration_ms: 0.49822
  type: 'test'
  ...
# Subtest: M01 checkpoints accumulate state and never save inside a demolition zone
ok 384 - M01 checkpoints accumulate state and never save inside a demolition zone
  ---
  duration_ms: 0.362987
  type: 'test'
  ...
# Subtest: M01 runs at least two independent battle sectors on the clock
ok 385 - M01 runs at least two independent battle sectors on the clock
  ---
  duration_ms: 0.286812
  type: 'test'
  ...
# Subtest: M01 map geometry matches the documented bridges of 1939 and the measured piers
ok 386 - M01 map geometry matches the documented bridges of 1939 and the measured piers
  ---
  duration_ms: 0.451931
  type: 'test'
  ...
# Subtest: M01 debrief keeps unconfirmed paragraphs disabled until their checks pass
ok 387 - M01 debrief keeps unconfirmed paragraphs disabled until their checks pass
  ---
  duration_ms: 0.68438
  type: 'test'
  ...
# Subtest: consist keeps 65 wagons, plan ids/types/x and the plan anchor; LOD hysteresis and candidates are unchanged
ok 388 - consist keeps 65 wagons, plan ids/types/x and the plan anchor; LOD hysteresis and candidates are unchanged
  ---
  duration_ms: 7884.267161
  type: 'test'
  ...
# Subtest: real GLB instances keep plan x/z, sit on the rail-top offset and stay in the original LOD batches
ok 389 - real GLB instances keep plan x/z, sit on the rail-top offset and stay in the original LOD batches
  ---
  duration_ms: 102.01935
  type: 'test'
  ...
# Subtest: wheel/rail fit: treads sit on the rail head, flanges stay inside the gauge, no lateral offset (all types and LODs)
ok 390 - wheel/rail fit: treads sit on the rail head, flanges stay inside the gauge, no lateral offset (all types and LODs)
  ---
  duration_ms: 28.354328
  type: 'test'
  ...
# Subtest: every detail batch matches the tier of the drawn LOD; near/mid sets vanish at LOD2 and on Low; budget counted on real submissions
ok 391 - every detail batch matches the tier of the drawn LOD; near/mid sets vanish at LOD2 and on Low; budget counted on real submissions
  ---
  duration_ms: 57.881574
  type: 'test'
  ...
# Subtest: fallback: total and partial GLB failure keep the old proxies and never float details on them
ok 392 - fallback: total and partial GLB failure keep the old proxies and never float details on them
  ---
  duration_ms: 15.559221
  type: 'test'
  ...
# Subtest: train consist never asks for damage art and the yard intact/burned authority is unchanged
ok 393 - train consist never asks for damage art and the yard intact/burned authority is unchanged
  ---
  duration_ms: 8.962497
  type: 'test'
  ...
# Subtest: save/reload, pause frames and repeated updates never mutate simulation state or RNG; every detail/GLB buffer is history-free
ok 394 - save/reload, pause frames and repeated updates never mutate simulation state or RNG; every detail/GLB buffer is history-free
  ---
  duration_ms: 129.984248
  type: 'test'
  ...
# Subtest: variation is deterministic, bounded and visibly non-uniform without touching wagon type
ok 395 - variation is deterministic, bounded and visibly non-uniform without touching wagon type
  ---
  duration_ms: 0.622647
  type: 'test'
  ...
# Subtest: couplings and underframe add no collider: world obstacles/walk surfaces are identical and nothing reads the world
ok 396 - couplings and underframe add no collider: world obstacles/walk surfaces are identical and nothing reads the world
  ---
  duration_ms: 8.442844
  type: 'test'
  ...
# Subtest: dispose/recreate and repeated rebuilds never duplicate meshes or free shared art
ok 397 - dispose/recreate and repeated rebuilds never duplicate meshes or free shared art
  ---
  duration_ms: 24.141394
  type: 'test'
  ...
# Subtest: original Claude train source changes only its renderer and adds detail, without touching gameplay or assets
ok 398 - original Claude train source changes only its renderer and adds detail, without touching gameplay or assets
  ---
  duration_ms: 14.142197
  type: 'test'
  ...
# Subtest: everything the consist draws (siding included) lives under the train963 group, so visibility authority is unchanged
ok 399 - everything the consist draws (siding included) lives under the train963 group, so visibility authority is unchanged
  ---
  duration_ms: 8.633301
  type: 'test'
  ...
# Subtest: the drawn siding: rail heads at the rail top, standard gauge between inner faces, continuous from 1062 to 2000 m
ok 400 - the drawn siding: rail heads at the rail top, standard gauge between inner faces, continuous from 1062 to 2000 m
  ---
  duration_ms: 10.588365
  type: 'test'
  ...
# Subtest: a wagon drawn with a finer fallback GLB far away keeps the far tier (missing LOD2 art)
ok 401 - a wagon drawn with a finer fallback GLB far away keeps the far tier (missing LOD2 art)
  ---
  duration_ms: 6.56717
  type: 'test'
  ...
# Subtest: vegetation layout is deterministic, pure and leaves the approved solid trees untouched
ok 402 - vegetation layout is deterministic, pure and leaves the approved solid trees untouched
  ---
  duration_ms: 137.569536
  type: 'test'
  ...
# Subtest: vegetation stays inside the browser budget and keeps Low cheaper
ok 403 - vegetation stays inside the browser budget and keeps Low cheaper
  ---
  duration_ms: 17.2123
  type: 'test'
  ...
# Subtest: trees, shrubs and ground cover are varied, clustered and never laid out on a grid
ok 404 - trees, shrubs and ground cover are varied, clustered and never laid out on a grid
  ---
  duration_ms: 12.077407
  type: 'test'
  ...
# Subtest: decoration respects corridors, objectives, covers and the playable bounds
ok 405 - decoration respects corridors, objectives, covers and the playable bounds
  ---
  duration_ms: 48.942763
  type: 'test'
  ...
# Subtest: no shrub or visual tree stands on a path actually walked in the scripted mission
ok 406 - no shrub or visual tree stands on a path actually walked in the scripted mission
  ---
  duration_ms: 4014.129413
  type: 'test'
  ...
# Subtest: vegetation variation is deterministic, visual-only and does not consume gameplay RNG
ok 407 - vegetation variation is deterministic, visual-only and does not consume gameplay RNG
  ---
  duration_ms: 60.957112
  type: 'test'
  ...
# Subtest: vegetation LOD tiers use hysteresis and Low keeps a geometric canopy
ok 408 - vegetation LOD tiers use hysteresis and Low keeps a geometric canopy
  ---
  duration_ms: 0.407914
  type: 'test'
  ...
# Subtest: approved tree colliders and critical route remain unchanged by the visual pass
ok 409 - approved tree colliders and critical route remain unchanged by the visual pass
  ---
  duration_ms: 489.232579
  type: 'test'
  ...
# Subtest: M01 vagões danificados: o kit intacto não foi alterado (sha256 registados no manifesto)
ok 410 - M01 vagões danificados: o kit intacto não foi alterado (sha256 registados no manifesto)
  ---
  duration_ms: 2.295087
  type: 'test'
  ...
# Subtest: M01 vagões danificados: metros, 9,10 m no LOD0, rodas no carril, pivôs do intacto e três LODs no orçamento
ok 411 - M01 vagões danificados: metros, 9,10 m no LOD0, rodas no carril, pivôs do intacto e três LODs no orçamento
  ---
  duration_ms: 18.233878
  type: 'test'
  ...
# Subtest: M01 vagões danificados: sockets iguais aos do intacto, mais impact só no danificado
ok 412 - M01 vagões danificados: sockets iguais aos do intacto, mais impact só no danificado
  ---
  duration_ms: 2.052561
  type: 'test'
  ...
# Subtest: M01 vagões danificados: wheels_roll igual ao intacto; doors_open só na porta esquerda do coberto danificado
ok 413 - M01 vagões danificados: wheels_roll igual ao intacto; doors_open só na porta esquerda do coberto danificado
  ---
  duration_ms: 1.643515
  type: 'test'
  ...
# Subtest: M01 vagões danificados: restos só visuais no nó debris, alterações registadas e sem efeitos próprios
ok 414 - M01 vagões danificados: restos só visuais no nó debris, alterações registadas e sem efeitos próprios
  ---
  duration_ms: 0.971092
  type: 'test'
  ...
# Subtest: train and yard LOD selectors cover 0/1/2 with hysteresis and stable identities
ok 415 - train and yard LOD selectors cover 0/1/2 with hysteresis and stable identities
  ---
  duration_ms: 1.333979
  type: 'test'
  ...
# Subtest: yard authority is only intact/burned; damaged art is never invented
ok 416 - yard authority is only intact/burned; damaged art is never invented
  ---
  duration_ms: 0.340743
  type: 'test'
  ...
# Subtest: authoritative marker survives save/reload and checkpoint restore chooses the saved visual state
ok 417 - authoritative marker survives save/reload and checkpoint restore chooses the saved visual state
  ---
  duration_ms: 19.674067
  type: 'test'
  ...
# Subtest: yard positions/covers stay authoritative and fire/smoke use authored sockets
ok 418 - yard positions/covers stay authoritative and fire/smoke use authored sockets
  ---
  duration_ms: 0.612973
  type: 'test'
  ...
# Subtest: yard renderer falls back to the best loaded asset, then procedural proxy, without changing semantic state
ok 419 - yard renderer falls back to the best loaded asset, then procedural proxy, without changing semantic state
  ---
  duration_ms: 5.43843
  type: 'test'
  ...
# Subtest: train renderer uses all three real LODs and retains procedural fallback when every asset fails
ok 420 - train renderer uses all three real LODs and retains procedural fallback when every asset fails
  ---
  duration_ms: 34.34606
  type: 'test'
  ...
# Subtest: missing individual LODs choose the closest real train asset and missing burned art falls back to intact GLB
ok 421 - missing individual LODs choose the closest real train asset and missing burned art falls back to intact GLB
  ---
  duration_ms: 21.300876
  type: 'test'
  ...
# Subtest: late GLB completion after dispose cannot reattach or populate yard sources
ok 422 - late GLB completion after dispose cannot reattach or populate yard sources
  ---
  duration_ms: 0.894497
  type: 'test'
  ...
# Subtest: M01 vagões: metros, 9,10 m entre tampões no LOD0, rodas no carril, nós estáveis e três LODs no orçamento
ok 423 - M01 vagões: metros, 9,10 m entre tampões no LOD0, rodas no carril, nós estáveis e três LODs no orçamento
  ---
  duration_ms: 2.586314
  type: 'test'
  ...
# Subtest: M01 vagões: rodados dão uma volta por segundo em X; portas do coberto correm 1,95 m em Z
ok 424 - M01 vagões: rodados dão uma volta por segundo em X; portas do coberto correm 1,95 m em Z
  ---
  duration_ms: 1.522843
  type: 'test'
  ...
# Subtest: unmodified weapon ballistics, RNG and spatial gameplay sources remain byte-identical to base 99309d9
ok 425 - unmodified weapon ballistics, RNG and spatial gameplay sources remain byte-identical to base 99309d9
  ---
  duration_ms: 1.679008
  type: 'test'
  ...
# Subtest: each weapon keeps its own frozen presentation identity and carries no gameplay keys
ok 426 - each weapon keeps its own frozen presentation identity and carries no gameplay keys
  ---
  duration_ms: 4.731395
  type: 'test'
  ...
# Subtest: recoil is a finite per-weapon impulse: zero at rest, bounded, weaker in ADS, deterministic per shot
ok 427 - recoil is a finite per-weapon impulse: zero at rest, bounded, weaker in ADS, deterministic per shot
  ---
  duration_ms: 8.572839
  type: 'test'
  ...
# Subtest: hip sway is bounded and does not visibly loop; ADS at rest keeps the exact sight pose
ok 428 - hip sway is bounded and does not visibly loop; ADS at rest keeps the exact sight pose
  ---
  duration_ms: 7.416879
  type: 'test'
  ...
# Subtest: look lag trails turns, is clamped, settles, ignores frozen clocks and wraps at ±π
ok 429 - look lag trails turns, is clamped, settles, ignores frozen clocks and wraps at ±π
  ---
  duration_ms: 0.472591
  type: 'test'
  ...
# Subtest: a weapon-pass point maps to the world point under the same pixel at hip and ADS fields of view
ok 430 - a weapon-pass point maps to the world point under the same pixel at hip and ADS fields of view
  ---
  duration_ms: 1.664276
  type: 'test'
  ...
# Subtest: brass/clip flight is analytic in age, never sinks below the ground plane and comes to rest
ok 431 - brass/clip flight is analytic in age, never sinks below the ground plane and comes to rest
  ---
  duration_ms: 3.287441
  type: 'test'
  ...
# Subtest: weapon-pass FX: flash only in the event window, layered on the socket, constant light count, smoke after the shot
ok 432 - weapon-pass FX: flash only in the event window, layered on the socket, constant light count, smoke after the shot
  ---
  duration_ms: 12.035894
  type: 'test'
  ...
# Subtest: world FX: emissions are idempotent by id, bounded, discarded by a restored world or an earlier clock
ok 433 - world FX: emissions are idempotent by id, bounded, discarded by a restored world or an earlier clock
  ---
  duration_ms: 4.554909
  type: 'test'
  ...
# Subtest: weapon lighting follows the world sky/sun and the view, without new light types per frame
ok 434 - weapon lighting follows the world sky/sun and the view, without new light types per frame
  ---
  duration_ms: 2.792245
  type: 'test'
  ...
# Subtest: wz.29: one case per shot at the authored eject marker, one muzzle cloud, nothing duplicated by repeated frames
ok 435 - wz.29: one case per shot at the authored eject marker, one muzzle cloud, nothing duplicated by repeated frames
  ---
  duration_ms: 426.927476
  type: 'test'
  ...
# Subtest: wz.29 clip reload throws exactly one empty stripper clip at 2,45 s; a single-round reload throws none
ok 436 - wz.29 clip reload throws exactly one empty stripper clip at 2,45 s; a single-round reload throws none
  ---
  duration_ms: 686.937729
  type: 'test'
  ...
# Subtest: wz.29 stroke, lag and FX keep every viewmodel vertex beyond the near plane and the flash on the socket
ok 437 - wz.29 stroke, lag and FX keep every viewmodel vertex beyond the near plane and the flash on the socket
  ---
  duration_ms: 549.896474
  type: 'test'
  ...
# Subtest: pause and restore: repeated frames are frozen; a restored world rebuilds presentation at rest and drops world history
ok 438 - pause and restore: repeated frames are frozen; a restored world rebuilds presentation at rest and drops world history
  ---
  duration_ms: 222.439251
  type: 'test'
  ...
# Subtest: independent renderers of the same restored mid-bolt state produce the same frame (no hidden clocks)
ok 439 - independent renderers of the same restored mid-bolt state produce the same frame (no hidden clocks)
  ---
  duration_ms: 177.261736
  type: 'test'
  ...
# Subtest: a slow frame that steps past the 60 ms window still shows the shot once at full strength, never again or after restore
ok 440 - a slow frame that steps past the 60 ms window still shows the shot once at full strength, never again or after restore
  ---
  duration_ms: 156.992608
  type: 'test'
  ...
# Subtest: ejected pieces settle on the surface under their landing point, never inside a slope
ok 441 - ejected pieces settle on the surface under their landing point, never inside a slope
  ---
  duration_ms: 1.396933
  type: 'test'
  ...
# Subtest: look lag after the authoritative recoil pitch settles by READY at 4 fps as at 20 fps; sights exact
ok 442 - look lag after the authoritative recoil pitch settles by READY at 4 fps as at 20 fps; sights exact
  ---
  duration_ms: 275.27161
  type: 'test'
  ...
# Subtest: measured real clips and asset socket metadata are locked; archived BASE is exact
ok 443 - measured real clips and asset socket metadata are locked; archived BASE is exact
  ---
  duration_ms: 168.4426
  type: 'test'
  ...
# Subtest: integration keeps Wz29/muzzle/hitboxes/RNG bytes and locks the approved simulation gameplay baseline
ok 444 - integration keeps Wz29/muzzle/hitboxes/RNG bytes and locks the approved simulation gameplay baseline
  ---
  duration_ms: 0.367213
  type: 'test'
  ...
# Subtest: ADS aligns actual rear/front with camera -Z on LOD0, all qualities
ok 445 - ADS aligns actual rear/front with camera -Z on LOD0, all qualities
  ---
  duration_ms: 146.762093
  type: 'test'
  ...
# Subtest: ADS aligns actual rear/front with camera -Z on LOD1, all qualities
ok 446 - ADS aligns actual rear/front with camera -Z on LOD1, all qualities
  ---
  duration_ms: 90.016693
  type: 'test'
  ...
# Subtest: visual flash starts exactly on the barrel socket through hip, ADS, bolt, reload and run
ok 447 - visual flash starts exactly on the barrel socket through hip, ADS, bolt, reload and run
  ---
  duration_ms: 177.108788
  type: 'test'
  ...
# Subtest: dense clipping matrix samples all referenced vertices, LOD0
ok 448 - dense clipping matrix samples all referenced vertices, LOD0
  ---
  duration_ms: 560.722706
  type: 'test'
  ...
# Subtest: dense clipping matrix samples all referenced vertices, LOD1
ok 449 - dense clipping matrix samples all referenced vertices, LOD1
  ---
  duration_ms: 314.78218
  type: 'test'
  ...
# Subtest: local arm skin/pose/material changes leave source geometry, bones, clips and materials intact
ok 450 - local arm skin/pose/material changes leave source geometry, bones, clips and materials intact
  ---
  duration_ms: 132.214878
  type: 'test'
  ...
# Subtest: pause freezes phase, transition, arms and mechanics including clamped clip endpoint
ok 451 - pause freezes phase, transition, arms and mechanics including clamped clip endpoint
  ---
  duration_ms: 152.125432
  type: 'test'
  ...
# Subtest: ADS/run transitions are controlled by mission dt and converge without action rebind
ok 452 - ADS/run transitions are controlled by mission dt and converge without action rebind
  ---
  duration_ms: 119.3251
  type: 'test'
  ...
# Subtest: recoil is finite, damped, bounded and has weaker ADS presentation
ok 453 - recoil is finite, damped, bounded and has weaker ADS presentation
  ---
  duration_ms: 2.256105
  type: 'test'
  ...
# Subtest: missing optional model/clips returns to existing caller fallback; LOD1 remains viable
ok 454 - missing optional model/clips returns to existing caller fallback; LOD1 remains viable
  ---
  duration_ms: 79.249962
  type: 'test'
  ...
# Subtest: restore mid-bolt and both reloads reconstruct mechanical phase without saving a mixer
ok 455 - restore mid-bolt and both reloads reconstruct mechanical phase without saving a mixer
  ---
  duration_ms: 214.826649
  type: 'test'
  ...
# Subtest: an existing menu/checkpoint renderer reconstructs ADS at a replaced world boundary
ok 456 - an existing menu/checkpoint renderer reconstructs ADS at a replaced world boundary
  ---
  duration_ms: 124.124383
  type: 'test'
  ...
# Subtest: BASE/CANDIDATE whole save, HP/ammo/shots/hits/transforms/muzzle/RNG/clocks/CP remain exact for 600 input ticks
ok 457 - BASE/CANDIDATE whole save, HP/ammo/shots/hits/transforms/muzzle/RNG/clocks/CP remain exact for 600 input ticks
  ---
  duration_ms: 2907.529543
  type: 'test'
  ...
1..457
# tests 457
# suites 0
# pass 454
# fail 3
# cancelled 0
# skipped 0
# todo 0
# duration_ms 275747.964561
