TAP version 13
# Subtest: planar y becomes scene z; height is independent
ok 1 - planar y becomes scene z; height is independent
  ---
  duration_ms: 3.224925
  type: 'test'
  ...
# Subtest: horizontal head shot hits, aiming above the head misses
ok 2 - horizontal head shot hits, aiming above the head misses
  ---
  duration_ms: 1.236791
  type: 'test'
  ...
# Subtest: nearest wall shields an enemy; lowering the aim hits terrain
ok 3 - nearest wall shields an enemy; lowering the aim hits terrain
  ---
  duration_ms: 0.439461
  type: 'test'
  ...
# Subtest: wall around muzzle blocks a clear camera sightline
ok 4 - wall around muzzle blocks a clear camera sightline
  ---
  duration_ms: 0.2659
  type: 'test'
  ...
# Subtest: enemy in cover cannot cause damage through a wall
ok 5 - enemy in cover cannot cause damage through a wall
  ---
  duration_ms: 1.319006
  type: 'test'
  ...
# Subtest: unreachable destination reports failure and does not move through walls
ok 6 - unreachable destination reports failure and does not move through walls
  ---
  duration_ms: 0.419051
  type: 'test'
  ...
# Subtest: wall shields blast damage but visible nearby actor takes damage
ok 7 - wall shields blast damage but visible nearby actor takes damage
  ---
  duration_ms: 0.409076
  type: 'test'
  ...
# Subtest: JSON checkpoint restores actors, reload, grenade, phase, clock and RNG exactly
ok 8 - JSON checkpoint restores actors, reload, grenade, phase, clock and RNG exactly
  ---
  duration_ms: 6.226343
  type: 'test'
  ...
# Subtest: corrupt and incompatible saves are rejected atomically
ok 9 - corrupt and incompatible saves are rejected atomically
  ---
  duration_ms: 2.841457
  type: 'test'
  ...
# Subtest: death restores the last living checkpoint without reviving defeated enemies
ok 10 - death restores the last living checkpoint without reviving defeated enemies
  ---
  duration_ms: 3.836045
  type: 'test'
  ...
# Subtest: restored simulation reproduces future seeded decisions and events
ok 11 - restored simulation reproduces future seeded decisions and events
  ---
  duration_ms: 213.447073
  type: 'test'
  ...
# Subtest: two independent sectors evolve for 90 seconds with stable losses and unique events
ok 12 - two independent sectors evolve for 90 seconds with stable losses and unique events
  ---
  duration_ms: 0.975919
  type: 'test'
  ...
# Subtest: partial fourth reinforcement group activates and visible candidates remain hidden
ok 13 - partial fourth reinforcement group activates and visible candidates remain hidden
  ---
  duration_ms: 0.406112
  type: 'test'
  ...
# Subtest: zero time never advances reload or the battle
ok 14 - zero time never advances reload or the battle
  ---
  duration_ms: 0.897421
  type: 'test'
  ...
# Subtest: weapon enforces cadence, ammo, and reload transfer
ok 15 - weapon enforces cadence, ammo, and reload transfer
  ---
  duration_ms: 1.697725
  type: 'test'
  ...
# Subtest: world blocks walls and permits open cells
ok 16 - world blocks walls and permits open cells
  ---
  duration_ms: 0.821617
  type: 'test'
  ...
# Subtest: navigation chooses a walkable next tile around cover
ok 17 - navigation chooses a walkable next tile around cover
  ---
  duration_ms: 0.593213
  type: 'test'
  ...
# Subtest: mission advances through checkpoint, combat, and radio
ok 18 - mission advances through checkpoint, combat, and radio
  ---
  duration_ms: 0.369076
  type: 'test'
  ...
# Subtest: shot geometry detects targets on aim line
ok 19 - shot geometry detects targets on aim line
  ---
  duration_ms: 1.239135
  type: 'test'
  ...
# Subtest: 3D matrix composition preserves translation and scale
ok 20 - 3D matrix composition preserves translation and scale
  ---
  duration_ms: 0.491529
  type: 'test'
  ...
# Subtest: weapon exposes a stable reload animation timeline
ok 21 - weapon exposes a stable reload animation timeline
  ---
  duration_ms: 0.167252
  type: 'test'
  ...
# Subtest: enemy selects cover instead of charging directly at player
ok 22 - enemy selects cover instead of charging directly at player
  ---
  duration_ms: 1.233536
  type: 'test'
  ...
# Subtest: grenade bounces on walls, warns AI, and applies radial damage
ok 23 - grenade bounces on walls, warns AI, and applies radial damage
  ---
  duration_ms: 4.795299
  type: 'test'
  ...
# Subtest: battle director activates reinforcement groups without replacing individual AI
ok 24 - battle director activates reinforcement groups without replacing individual AI
  ---
  duration_ms: 0.601725
  type: 'test'
  ...
# Subtest: text-only OBJ assets load with meshes, normals, and MTL colors
ok 25 - text-only OBJ assets load with meshes, normals, and MTL colors
  ---
  duration_ms: 11.850909
  type: 'test'
  ...
# Subtest: pointer lock entry and resume ignore cursor warps while later mouse movement works
ok 26 - pointer lock entry and resume ignore cursor warps while later mouse movement works
  ---
  duration_ms: 1.32212
  type: 'test'
  ...
# Subtest: Ju 87 clones use native LODs, share art, sample the saved clock and preserve the existing raid path
ok 27 - Ju 87 clones use native LODs, share art, sample the saved clock and preserve the existing raid path
  ---
  duration_ms: 33.099545
  type: 'test'
  ...
# Subtest: missing optional Ju 87 art keeps the silhouettes; partial failure uses available detail and disposal prevents attachment
ok 28 - missing optional Ju 87 art keeps the silhouettes; partial failure uses available detail and disposal prevents attachment
  ---
  duration_ms: 9.031916
  type: 'test'
  ...
# Subtest: each Ju 87 gets its own light-weight material instances over shared textures, propeller rpm/phase and attitude
ok 29 - each Ju 87 gets its own light-weight material instances over shared textures, propeller rpm/phase and attitude
  ---
  duration_ms: 20.038754
  type: 'test'
  ...
# Subtest: Ju 87 fade hides the 90 s path wrap and eases in after the planes are heard, deterministically
ok 30 - Ju 87 fade hides the 90 s path wrap and eases in after the planes are heard, deterministically
  ---
  duration_ms: 8.267886
  type: 'test'
  ...
# Subtest: Ju 87 LOD keeps 10 % hysteresis at thresholds while the quality floor always applies
ok 31 - Ju 87 LOD keeps 10 % hysteresis at thresholds while the quality floor always applies
  ---
  duration_ms: 8.791033
  type: 'test'
  ...
# Subtest: at fade 0 the selected level (GLB or fallback proxy) stays visible and reported; opacity does the hiding
ok 32 - at fade 0 the selected level (GLB or fallback proxy) stays visible and reported; opacity does the hiding
  ---
  duration_ms: 10.226304
  type: 'test'
  ...
# Subtest: the entry fade reads the saved planes_heard time of the real simulation
ok 33 - the entry fade reads the saved planes_heard time of the real simulation
  ---
  duration_ms: 364.600094
  type: 'test'
  ...
# Subtest: schema 2 initializes all 89 IDs; diagnostics are detached, small presentation records
ok 34 - schema 2 initializes all 89 IDs; diagnostics are detached, small presentation records
  ---
  duration_ms: 13.874676
  type: 'test'
  ...
# Subtest: all gameplay bytes hashed each tick against approved base: seed 19390901, support false
ok 35 - all gameplay bytes hashed each tick against approved base: seed 19390901, support false
  ---
  duration_ms: 52829.610611
  type: 'test'
  ...
# Subtest: all gameplay bytes hashed each tick against approved base: seed 7, support true
ok 36 - all gameplay bytes hashed each tick against approved base: seed 7, support true
  ---
  duration_ms: 49452.665411
  type: 'test'
  ...
# Subtest: odometer equals accumulated effective XZ displacement, including collision slide; gait is real speed
ok 37 - odometer equals accumulated effective XZ displacement, including collision slide; gait is real speed
  ---
  duration_ms: 30.372604
  type: 'test'
  ...
# Subtest: blocked ADVANCE publishes idle and zero speed instead of commanded speed
ok 38 - blocked ADVANCE publishes idle and zero speed instead of commanded speed
  ---
  duration_ms: 2.767256
  type: 'test'
  ...
# Subtest: direct German spans movement, platoon sprint and crouch walk publish distinct effective gaits
ok 39 - direct German spans movement, platoon sprint and crouch walk publish distinct effective gaits
  ---
  duration_ms: 3.195271
  type: 'test'
  ...
# Subtest: idle bodyYaw follows the shortest arc at 180 degrees/s and preserves combat facing
ok 40 - idle bodyYaw follows the shortest arc at 180 degrees/s and preserves combat facing
  ---
  duration_ms: 20.412089
  type: 'test'
  ...
# Subtest: moving bodyYaw turns at 360 degrees/s; hitboxes and eye geometry still use authoritative facing
ok 41 - moving bodyYaw turns at 360 degrees/s; hitboxes and eye geometry still use authoritative facing
  ---
  duration_ms: 2.529908
  type: 'test'
  ...
# Subtest: pause/invalid dt does not touch timestamps, motion, yaw, RNG, checkpoint or events
ok 42 - pause/invalid dt does not touch timestamps, motion, yaw, RNG, checkpoint or events
  ---
  duration_ms: 5.72565
  type: 'test'
  ...
# Subtest: real script wounds and demolition deaths have stable timestamps; unseen reserve losses have unknown history
ok 43 - real script wounds and demolition deaths have stable timestamps; unseen reserve losses have unknown history
  ---
  duration_ms: 2.403578
  type: 'test'
  ...
# Subtest: actual grenade damage records only exposed living actors; repeat ticks do not replay impacts
ok 44 - actual grenade damage records only exposed living actors; repeat ticks do not replay impacts
  ---
  duration_ms: 2.215205
  type: 'test'
  ...
# Subtest: player rifle hit/death and real near-miss suppression stamp only the existing combat outcomes
ok 45 - player rifle hit/death and real near-miss suppression stamp only the existing combat outcomes
  ---
  duration_ms: 3.166637
  type: 'test'
  ...
# Subtest: gait and bodyYaw resume identically at each real CP-A..D, including death recovery
ok 46 - gait and bodyYaw resume identically at each real CP-A..D, including death recovery
  ---
  duration_ms: 2301.114167
  type: 'test'
  ...
# Subtest: station grab adapter retains exact data and motion after pause/double restore
ok 47 - station grab adapter retains exact data and motion after pause/double restore
  ---
  duration_ms: 583.026899
  type: 'test'
  ...
# Subtest: station drag adapter retains exact data and motion after pause/double restore
ok 48 - station drag adapter retains exact data and motion after pause/double restore
  ---
  duration_ms: 576.932192
  type: 'test'
  ...
# Subtest: station release adapter retains exact data and motion after pause/double restore
ok 49 - station release adapter retains exact data and motion after pause/double restore
  ---
  duration_ms: 696.760729
  type: 'test'
  ...
# Subtest: Bąk carry and CKM/MG34 specialized adapters do not lose identity, timestamps or presentation on reload
ok 50 - Bąk carry and CKM/MG34 specialized adapters do not lose identity, timestamps or presentation on reload
  ---
  duration_ms: 1352.634136
  type: 'test'
  ...
# Subtest: legacy 86/89 schema-2 saves initialize without inventing events, mutating input or drawing RNG
ok 51 - legacy 86/89 schema-2 saves initialize without inventing events, mutating input or drawing RNG
  ---
  duration_ms: 954.291985
  type: 'test'
  ...
# Subtest: optional partial migration preserves present fields byte for byte and defaults only missing fields
ok 52 - optional partial migration preserves present fields byte for byte and defaults only missing fields
  ---
  duration_ms: 4.317539
  type: 'test'
  ...
# Subtest: corrupt presentation rejects atomically in current state and nested checkpoint
ok 53 - corrupt presentation rejects atomically in current state and nested checkpoint
  ---
  duration_ms: 474.458792
  type: 'test'
  ...
# Subtest: damage presentation is bounded, frozen at pause, reconstructible and never mutates source state
ok 54 - damage presentation is bounded, frozen at pause, reconstructible and never mutates source state
  ---
  duration_ms: 72.861899
  type: 'test'
  ...
# Subtest: audio variation is deterministic and independent of Math.random
ok 55 - audio variation is deterministic and independent of Math.random
  ---
  duration_ms: 0.941026
  type: 'test'
  ...
# Subtest: rifle, MG34, RKM, CKM, impacts, near miss and layered explosion remain distinct presentation events
ok 56 - rifle, MG34, RKM, CKM, impacts, near miss and layered explosion remain distinct presentation events
  ---
  duration_ms: 11.486431
  type: 'test'
  ...
# Subtest: near/mid/far routing lowers gain and bandwidth without changing event identity
ok 57 - near/mid/far routing lowers gain and bandwidth without changing event identity
  ---
  duration_ms: 2.898594
  type: 'test'
  ...
# Subtest: voice budget evicts low-priority presentation and never exceeds the hard limit
ok 58 - voice budget evicts low-priority presentation and never exceeds the hard limit
  ---
  duration_ms: 0.641556
  type: 'test'
  ...
# Subtest: distant rifle/MG stay low priority and cannot evict more important voices; critical can evict distant
ok 59 - distant rifle/MG stay low priority and cannot evict more important voices; critical can evict distant
  ---
  duration_ms: 3.343082
  type: 'test'
  ...
# Subtest: M01 ambience/aircraft loops are unique; train clank only follows a live false-to-true transition
ok 60 - M01 ambience/aircraft loops are unique; train clank only follows a live false-to-true transition
  ---
  duration_ms: 3.947362
  type: 'test'
  ...
# Subtest: distant battle scheduler is presentation-only, bounded and does not backlog skipped clock slots
ok 61 - distant battle scheduler is presentation-only, bounded and does not backlog skipped clock slots
  ---
  duration_ms: 3.629733
  type: 'test'
  ...
# Subtest: audio activity cannot consume or mutate M01 gameplay RNG/snapshot
ok 62 - audio activity cannot consume or mutate M01 gameplay RNG/snapshot
  ---
  duration_ms: 10.338076
  type: 'test'
  ...
# Subtest: reset/dispose stop transient and permanent nodes without duplicated loops
ok 63 - reset/dispose stop transient and permanent nodes without duplicated loops
  ---
  duration_ms: 1.232426
  type: 'test'
  ...
# Subtest: every weapon has its own synthesized identity (spectral and mechanical signature)
ok 64 - every weapon has its own synthesized identity (spectral and mechanical signature)
  ---
  duration_ms: 3.042301
  type: 'test'
  ...
# Subtest: near/mid/far/very-distant shots change layers continuously: mechanism only near, more echoes and longer tail far
ok 65 - near/mid/far/very-distant shots change layers continuously: mechanism only near, more echoes and longer tail far
  ---
  duration_ms: 0.51815
  type: 'test'
  ...
# Subtest: bursts keep the authoritative cadence in one voice; later rounds have shorter tails
ok 66 - bursts keep the authoritative cadence in one voice; later rounds have shorter tails
  ---
  duration_ms: 12.37494
  type: 'test'
  ...
# Subtest: bullet crack vs whizz, material impacts and ricochets are distinct and deterministic
ok 67 - bullet crack vs whizz, material impacts and ricochets are distinct and deterministic
  ---
  duration_ms: 10.232465
  type: 'test'
  ...
# Subtest: explosions scale from grenade to bridge demolition with debris, metal stress, splash and rumble
ok 68 - explosions scale from grenade to bridge demolition with debris, metal stress, splash and rumble
  ---
  duration_ms: 8.54183
  type: 'test'
  ...
# Subtest: category limits and the global hard limit hold under a saturated battle
ok 69 - category limits and the global hard limit hold under a saturated battle
  ---
  duration_ms: 10.100926
  type: 'test'
  ...
# Subtest: dynamic intensity rises with heard combat, decays on the simulation clock and drives the distant scheduler
ok 70 - dynamic intensity rises with heard combat, decays on the simulation clock and drives the distant scheduler
  ---
  duration_ms: 41.414068
  type: 'test'
  ...
# Subtest: distant battle is deterministic, aperiodic and never repeats the same sector+kind back to back
ok 71 - distant battle is deterministic, aperiodic and never repeats the same sector+kind back to back
  ---
  duration_ms: 16.955016
  type: 'test'
  ...
# Subtest: Ju 87 engine layers follow the rendered aircraft path; pull-out siren only on request after a real aerial blast
ok 72 - Ju 87 engine layers follow the rendered aircraft path; pull-out siren only on request after a real aerial blast
  ---
  duration_ms: 2.672814
  type: 'test'
  ...
# Subtest: trains: emitters match rendered placements; arrivals play once per live transition; idle ticks vary
ok 73 - trains: emitters match rendered placements; arrivals play once per live transition; idle ticks vary
  ---
  duration_ms: 4.906416
  type: 'test'
  ...
# Subtest: fires: emitters come from presentation state; crackle only near, loop follows the nearest fire
ok 74 - fires: emitters come from presentation state; crackle only near, loop follows the nearest fire
  ---
  duration_ms: 3.475011
  type: 'test'
  ...
# Subtest: graph: buses, compressor and outdoor reverb exist; voices send to reverb; everything created is disposed
ok 75 - graph: buses, compressor and outdoor reverb exist; voices send to reverb; everything created is disposed
  ---
  duration_ms: 1.972991
  type: 'test'
  ...
# Subtest: full presentation pass over the complete real M01 route never changes simulation state or RNG
ok 76 - full presentation pass over the complete real M01 route never changes simulation state or RNG
  ---
  duration_ms: 9054.085995
  type: 'test'
  ...
# Subtest: presentation clock jumps (pause, restore, slow frames) never backlog scheduled one-shots
ok 77 - presentation clock jumps (pause, restore, slow frames) never backlog scheduled one-shots
  ---
  duration_ms: 1.364925
  type: 'test'
  ...
# Subtest: real MG34 event shape: one-round events from the same gun join one burst voice with burst tails
ok 78 - real MG34 event shape: one-round events from the same gun join one burst voice with burst tails
  ---
  duration_ms: 1.1625
  type: 'test'
  ...
# Subtest: early releases fade instead of cutting; fading voices leave the budget at once and still dispose cleanly
ok 79 - early releases fade instead of cutting; fading voices leave the budget at once and still dispose cleanly
  ---
  duration_ms: 0.971312
  type: 'test'
  ...
# Subtest: overlapping ducks keep the deepest cut and the latest release; a near-miss cannot cancel a blast duck
ok 80 - overlapping ducks keep the deepest cut and the latest release; a near-miss cannot cancel a blast duck
  ---
  duration_ms: 0.979225
  type: 'test'
  ...
# Subtest: Ju 87 pull-out comes from the nearest rendered Stuka and only while the formation is shown
ok 81 - Ju 87 pull-out comes from the nearest rendered Stuka and only while the formation is shown
  ---
  duration_ms: 0.917702
  type: 'test'
  ...
# Subtest: Stuka path wrap is not heard as a Doppler dip; INTRO/SETUP stay quiet; fire loop has hysteresis
ok 82 - Stuka path wrap is not heard as a Doppler dip; INTRO/SETUP stay quiet; fire loop has hysteresis
  ---
  duration_ms: 13.872525
  type: 'test'
  ...
# Subtest: looped brown noise has no seam; ricochets (not distance) add the whizz; budget and floor bound the graph
ok 83 - looped brown noise has no seam; ricochets (not distance) add the whizz; budget and floor bound the graph
  ---
  duration_ms: 15.558091
  type: 'test'
  ...
# Subtest: V3 visual RNG and lifecycle curves are deterministic and gameplay RNG stays untouched
ok 84 - V3 visual RNG and lifecycle curves are deterministic and gameplay RNG stays untouched
  ---
  duration_ms: 8.723933
  type: 'test'
  ...
# Subtest: blast categories remain explicit rather than scale-only aliases
ok 85 - blast categories remain explicit rather than scale-only aliases
  ---
  duration_ms: 0.333572
  type: 'test'
  ...
# Subtest: distance and quality reduce secondary density without turning effects off
ok 86 - distance and quality reduce secondary density without turning effects off
  ---
  duration_ms: 0.382826
  type: 'test'
  ...
# Subtest: fade curves stagger endings and never exceed normalized bounds
ok 87 - fade curves stagger endings and never exceed normalized bounds
  ---
  duration_ms: 0.416487
  type: 'test'
  ...
# Subtest: impact materials have distinct bounded presentation families
ok 88 - impact materials have distinct bounded presentation families
  ---
  duration_ms: 0.201924
  type: 'test'
  ...
# Subtest: approved battlefield pool limits and one-light budget remain byte-explicit
ok 89 - approved battlefield pool limits and one-light budget remain byte-explicit
  ---
  duration_ms: 1.379797
  type: 'test'
  ...
# Subtest: pause/reset/dispose paths keep presentation pools non-authoritative and cleanable
ok 90 - pause/reset/dispose paths keep presentation pools non-authoritative and cleanable
  ---
  duration_ms: 0.79051
  type: 'test'
  ...
# Subtest: demolition authority and saved state are unchanged by all V3 profile sampling
ok 91 - demolition authority and saved state are unchanged by all V3 profile sampling
  ---
  duration_ms: 165.278206
  type: 'test'
  ...
# Subtest: battlefield FX visual noise is deterministic, bounded and independent from simulation RNG
ok 92 - battlefield FX visual noise is deterministic, bounded and independent from simulation RNG
  ---
  duration_ms: 83.018109
  type: 'test'
  ...
# Subtest: battlefield FX stays presentation-only with explicit hard pool limits
ok 93 - battlefield FX stays presentation-only with explicit hard pool limits
  ---
  duration_ms: 1.102069
  type: 'test'
  ...
# Subtest: muzzle presentation telemetry latches only after a rendered muzzle frame and resets without simulation state
ok 94 - muzzle presentation telemetry latches only after a rendered muzzle frame and resets without simulation state
  ---
  duration_ms: 0.508225
  type: 'test'
  ...
# M01_PORTAL_ASSET_AUDIT {"portal_lisewo_1912.glb":{"meshes":5,"materials":["brick_red","stone_masonry","opening_dark","gate_timber_iron"],"textures":0,"triangles":1996,"nodes":7,"hasNormals":true,"hasUvs":true},"portal_lisewo_1912.lod1.glb":{"meshes":5,"materials":["brick_red","stone_masonry","gate_timber_iron"],"textures":0,"triangles":764,"nodes":7,"hasNormals":true,"hasUvs":true},"portal_lisewo_1912.lod2.glb":{"meshes":5,"materials":["brick_red","stone_masonry","gate_timber_iron"],"textures":0,"triangles":524,"nodes":7,"hasNormals":true,"hasUvs":true}}
# Subtest: Lisewo portal GLBs and collider authority remain byte-identical to approved production base
ok 95 - Lisewo portal GLBs and collider authority remain byte-identical to approved production base
  ---
  duration_ms: 1.608752
  type: 'test'
  ...
# Subtest: portal macro placement, LOD budgets and documented uncertainty remain unchanged
ok 96 - portal macro placement, LOD budgets and documented uncertainty remain unchanged
  ---
  duration_ms: 0.752623
  type: 'test'
  ...
# Subtest: portal binaries keep normals/UVs/material slots without adding texture assets
ok 97 - portal binaries keep normals/UVs/material slots without adding texture assets
  ---
  duration_ms: 1.254509
  type: 'test'
  ...
# Subtest: microdetail stays inside approved portal macro envelopes and scales by quality
ok 98 - microdetail stays inside approved portal macro envelopes and scales by quality
  ---
  duration_ms: 0.559762
  type: 'test'
  ...
# Subtest: portal material/detail lookup cannot consume gameplay RNG or mutate save/colliders
ok 99 - portal material/detail lookup cannot consume gameplay RNG or mutate save/colliders
  ---
  duration_ms: 7.64553
  type: 'test'
  ...
# Subtest: known bridge materials map predictably while unknown material preserves GLB fallback
ok 100 - known bridge materials map predictably while unknown material preserves GLB fallback
  ---
  duration_ms: 0.149685
  type: 'test'
  ...
# Subtest: authored bridge GLBs, manifest and collider authority stay byte-identical
ok 101 - authored bridge GLBs, manifest and collider authority stay byte-identical
  ---
  duration_ms: 7.981035
  type: 'test'
  ...
# Subtest: structural detail stays inside each span and support macro envelope in every LOD
ok 102 - structural detail stays inside each span and support macro envelope in every LOD
  ---
  duration_ms: 85.466589
  type: 'test'
  ...
# Subtest: walkable decks and both rail loading gauges stay clear of new structure
ok 103 - walkable decks and both rail loading gauges stay clear of new structure
  ---
  duration_ms: 46.567595
  type: 'test'
  ...
# Subtest: quality tiers: LOD2 and Low add nothing; High only adds rivets and fishplates; LOD0 > LOD1
ok 104 - quality tiers: LOD2 and Low add nothing; High only adds rivets and fishplates; LOD0 > LOD1
  ---
  duration_ms: 14.573424
  type: 'test'
  ...
# Subtest: descriptors are deterministic and never touch gameplay RNG, saves or colliders
ok 105 - descriptors are deterministic and never touch gameplay RNG, saves or colliders
  ---
  duration_ms: 91.840595
  type: 'test'
  ...
# Subtest: double-track approach lines up with the bridge tracks and the trains already placed east of Lisewo
ok 106 - double-track approach lines up with the bridge tracks and the trains already placed east of Lisewo
  ---
  duration_ms: 0.222956
  type: 'test'
  ...
# Subtest: runtime attaches to real GLB nodes, swaps only the rail deck primitives by quality and disposes cleanly
ok 107 - runtime attaches to real GLB nodes, swaps only the rail deck primitives by quality and disposes cleanly
  ---
  duration_ms: 320.364094
  type: 'test'
  ...
# Subtest: M01 GLBs keep nine spans, measured supports and map placement in every LOD
ok 108 - M01 GLBs keep nine spans, measured supports and map placement in every LOD
  ---
  duration_ms: 8.136179
  type: 'test'
  ...
# Subtest: M01 all LODs ship event-linked damage replacements with stable logical IDs
ok 109 - M01 all LODs ship event-linked damage replacements with stable logical IDs
  ---
  duration_ms: 5.879471
  type: 'test'
  ...
# Subtest: M01 demolition IDs survive LOD changes and JSON restoration; colliders stay removed
ok 110 - M01 demolition IDs survive LOD changes and JSON restoration; colliders stay removed
  ---
  duration_ms: 24.654586
  type: 'test'
  ...
# Subtest: M01 road towers remain separate, measured and damage-linked in all LODs
ok 111 - M01 road towers remain separate, measured and damage-linked in all LODs
  ---
  duration_ms: 2.754967
  type: 'test'
  ...
# Subtest: M01 binary exports contain finite positions and unit normals
ok 112 - M01 binary exports contain finite positions and unit normals
  ---
  duration_ms: 85.160129
  type: 'test'
  ...
# Subtest: M01 manifest matches binary counts, current map hash and decreasing LOD budgets
ok 113 - M01 manifest matches binary counts, current map hash and decreasing LOD budgets
  ---
  duration_ms: 5.972381
  type: 'test'
  ...
# Subtest: M01 historical uncertainty and modern geometry conflicts remain explicit
ok 114 - M01 historical uncertainty and modern geometry conflicts remain explicit
  ---
  duration_ms: 5.332147
  type: 'test'
  ...
# Subtest: all six GLBs have finite skin weights, valid joint indices, embedded textures and decreasing LOD budgets
ok 115 - all six GLBs have finite skin weights, valid joint indices, embedded textures and decreasing LOD budgets
  ---
  duration_ms: 85.075892
  type: 'test'
  ...
# Subtest: all twenty-five animation clips bind to real named bones, have monotonic times and finite transforms
ok 116 - all twenty-five animation clips bind to real named bones, have monotonic times and finite transforms
  ---
  duration_ms: 18.852932
  type: 'test'
  ...
# Subtest: the original station drag loops on the existing rig with a locked source and finite transforms
ok 117 - the original station drag loops on the existing rig with a locked source and finite transforms
  ---
  duration_ms: 5.01512
  type: 'test'
  ...
# Subtest: first-person geometry keeps actual GLB arm/hand surfaces and leaves the world uniform unchanged
ok 118 - first-person geometry keeps actual GLB arm/hand surfaces and leaves the world uniform unchanged
  ---
  duration_ms: 37.748668
  type: 'test'
  ...
# Subtest: the actual reload rig keeps the open action, clip and hand in the first-person frustum on both usable LODs
ok 119 - the actual reload rig keeps the open action, clip and hand in the first-person frustum on both usable LODs
  ---
  duration_ms: 96.708299
  type: 'test'
  ...
# Subtest: sampling real clock, changing LOD and restoring a copy preserves bone transforms and immutable data
ok 120 - sampling real clock, changing LOD and restoring a copy preserves bone transforms and immutable data
  ---
  duration_ms: 7.005075
  type: 'test'
  ...
# Subtest: wounded attachment follows its carrier socket and detaches after delivery without changing simulation coordinates
ok 121 - wounded attachment follows its carrier socket and detaches after delivery without changing simulation coordinates
  ---
  duration_ms: 3.541983
  type: 'test'
  ...
# Subtest: MakeHuman data licence is shipped exactly as locked at its source revision
ok 122 - MakeHuman data licence is shipped exactly as locked at its source revision
  ---
  duration_ms: 0.881106
  type: 'test'
  ...
# Subtest: the station casualty remains grounded while the medic samples the backward drag and its fallback
ok 123 - the station casualty remains grounded while the medic samples the backward drag and its fallback
  ---
  duration_ms: 3.492097
  type: 'test'
  ...
# Subtest: Kowal and healthy Bąk use their own meshes and muzzle sockets, preserve data and hide the casualty weapon
ok 124 - Kowal and healthy Bąk use their own meshes and muzzle sockets, preserve data and hide the casualty weapon
  ---
  duration_ms: 11.94694
  type: 'test'
  ...
# Subtest: riflemen finish the bolt after the flash; pinned engineers stop their working hands until the repair resumes
ok 125 - riflemen finish the bolt after the flash; pinned engineers stop their working hands until the repair resumes
  ---
  duration_ms: 2.436899
  type: 'test'
  ...
# Subtest: schema 2 legacy 86 roster becomes 89 at the aligned post without changing old actors or RNG
ok 126 - schema 2 legacy 86 roster becomes 89 at the aligned post without changing old actors or RNG
  ---
  duration_ms: 21.333115
  type: 'test'
  ...
# Subtest: old 89-actor idle placement migrates once and snapshot restore is stable
ok 127 - old 89-actor idle placement migrates once and snapshot restore is stable
  ---
  duration_ms: 16.749245
  type: 'test'
  ...
# Subtest: old 89-actor save immediately after east demolition keeps idle phase/start time while aligning the old post
ok 128 - old 89-actor save immediately after east demolition keeps idle phase/start time while aligning the old post
  ---
  duration_ms: 13.814547
  type: 'test'
  ...
# Subtest: old 89-actor abandon placement shifts rigidly but preserves phase and startedAt exactly
ok 129 - old 89-actor abandon placement shifts rigidly but preserves phase and startedAt exactly
  ---
  duration_ms: 16.371887
  type: 'test'
  ...
# Subtest: retreat saves are never translated, including an actor still on an old authored coordinate
ok 130 - retreat saves are never translated, including an actor still on an old authored coordinate
  ---
  duration_ms: 12.907842
  type: 'test'
  ...
# Subtest: casualties stay casualties and post-west saves preserve their saved positions
ok 131 - casualties stay casualties and post-west saves preserve their saved positions
  ---
  duration_ms: 21.239244
  type: 'test'
  ...
# Subtest: 86-actor saves after east or west demolition remain safe and do not restart abandon
ok 132 - 86-actor saves after east or west demolition remain safe and do not restart abandon
  ---
  duration_ms: 18.291847
  type: 'test'
  ...
# Subtest: restore stays atomic when a legacy-position ckm save is invalid
ok 133 - restore stays atomic when a legacy-position ckm save is invalid
  ---
  duration_ms: 6.354386
  type: 'test'
  ...
# Subtest: placement migration changes no non-ckm actor or unrelated saved state
ok 134 - placement migration changes no non-ckm actor or unrelated saved state
  ---
  duration_ms: 4.755289
  type: 'test'
  ...
# Subtest: new ckm root puts gun_muzzle_flash on the mapped south embrasure x/z
ok 135 - new ckm root puts gun_muzzle_flash on the mapped south embrasure x/z
  ---
  duration_ms: 0.879685
  type: 'test'
  ...
# Subtest: ckm crew is grounded below the deck, leaves after the real event and reaches safety before demolition
ok 136 - ckm crew is grounded below the deck, leaves after the real event and reaches safety before demolition
  ---
  duration_ms: 4341.574341
  type: 'test'
  ...
# Subtest: schema 2 accepts exact legacy rosters and migrates atomically without changing old actors or RNG
ok 137 - schema 2 accepts exact legacy rosters and migrates atomically without changing old actors or RNG
  ---
  duration_ms: 4034.691022
  type: 'test'
  ...
# Subtest: real ckm clips and weapon share saved time across pause, reload, casualties and optional fallback
ok 138 - real ckm clips and weapon share saved time across pause, reload, casualties and optional fallback
  ---
  duration_ms: 46.101286
  type: 'test'
  ...
# Subtest: M01 ckm wz.30: metros, +Y, cano para −Z, 1,2 m ±2 %, hierarquia de pivôs e três LODs no orçamento
ok 139 - M01 ckm wz.30: metros, +Y, cano para −Z, 1,2 m ±2 %, hierarquia de pivôs e três LODs no orçamento
  ---
  duration_ms: 3.402332
  type: 'test'
  ...
# Subtest: M01 ckm wz.30: clips da arma animam os nós móveis; rajada de 8 a 600/min; alimentação puxa a ponta e arma duas vezes
ok 140 - M01 ckm wz.30: clips da arma animam os nós móveis; rajada de 8 a 600/min; alimentação puxa a ponta e arma duas vezes
  ---
  duration_ms: 2.863881
  type: 'test'
  ...
# Subtest: M01 ckm wz.30: clips ckm_wz30_* do atirador e do municiador ligam-se ao rig polaco, não repetem nomes e mostram uma só arma
ok 141 - M01 ckm wz.30: clips ckm_wz30_* do atirador e do municiador ligam-se ao rig polaco, não repetem nomes e mostram uma só arma
  ---
  duration_ms: 23.075648
  type: 'test'
  ...
# Subtest: M01 ckm wz.30: LOD0 dentro dos 4000 triângulos sem mudar silhueta, pivôs, sockets, fita nem clips; LOD1, LOD2 e clips intactos
ok 142 - M01 ckm wz.30: LOD0 dentro dos 4000 triângulos sem mudar silhueta, pivôs, sockets, fita nem clips; LOD1, LOD2 e clips intactos
  ---
  duration_ms: 4.829731
  type: 'test'
  ...
# Subtest: real player-hit presentation is clear, bounded and directional cue stays presentation-only
ok 143 - real player-hit presentation is clear, bounded and directional cue stays presentation-only
  ---
  duration_ms: 1.698997
  type: 'test'
  ...
# Subtest: near miss and close impact react while distant impact stays quiet
ok 144 - near miss and close impact react while distant impact stays quiet
  ---
  duration_ms: 0.27904
  type: 'test'
  ...
# Subtest: multiple real MG34 near rounds accumulate danger but obey every hard cap
ok 145 - multiple real MG34 near rounds accumulate danger but obey every hard cap
  ---
  duration_ms: 0.619412
  type: 'test'
  ...
# Subtest: near explosion has weight, distant explosion does not create exaggerated feedback
ok 146 - near explosion has weight, distant explosion does not create exaggerated feedback
  ---
  duration_ms: 0.699143
  type: 'test'
  ...
# Subtest: feedback decay is driven only by mission clock, so pause freezes and resume continues without duplication
ok 147 - feedback decay is driven only by mission clock, so pause freezes and resume continues without duplication
  ---
  duration_ms: 0.768407
  type: 'test'
  ...
# Subtest: restart/checkpoint reset clears all transient combat presentation state
ok 148 - restart/checkpoint reset clears all transient combat presentation state
  ---
  duration_ms: 0.175494
  type: 'test'
  ...
# Subtest: quality tiers preserve danger reading while Low stays cheaper and omits exposure flash
ok 149 - quality tiers preserve danger reading while Low stays cheaper and omits exposure flash
  ---
  duration_ms: 0.147472
  type: 'test'
  ...
# Subtest: combat presentation consumes no gameplay RNG and cannot alter snapshot, aim, position, HP or clocks
ok 150 - combat presentation consumes no gameplay RNG and cannot alter snapshot, aim, position, HP or clocks
  ---
  duration_ms: 7.576215
  type: 'test'
  ...
# Subtest: actual M01 aerial/demolition/grenade events rebuild identical delayed sound, shake and pull-out metadata from Schema 2
ok 151 - actual M01 aerial/demolition/grenade events rebuild identical delayed sound, shake and pull-out metadata from Schema 2
  ---
  duration_ms: 79.190051
  type: 'test'
  ...
# Subtest: portal recreate/dispose releases every owned instanced buffer exactly once and preserves shared materials
ok 152 - portal recreate/dispose releases every owned instanced buffer exactly once and preserves shared materials
  ---
  duration_ms: 7.325779
  type: 'test'
  ...
# Subtest: missing viewmodel renders a repeated first-shot flash after restart even when the first frame is 100 ms late
ok 153 - missing viewmodel renders a repeated first-shot flash after restart even when the first frame is 100 ms late
  ---
  duration_ms: 25.908325
  type: 'test'
  ...
# Subtest: the sappers walk to the second cut where the crate is delivered, so "leve a caixa aos sapadores" is true
ok 154 - the sappers walk to the second cut where the crate is delivered, so "leve a caixa aos sapadores" is true
  ---
  duration_ms: 4557.300916
  type: 'test'
  ...
# Subtest: Bąk takes the deck position with the 05:30 order and falls at bak_wound_point, in front of the player
ok 155 - Bąk takes the deck position with the 05:30 order and falls at bak_wound_point, in front of the player
  ---
  duration_ms: 1022.293403
  type: 'test'
  ...
# Subtest: a direction hint names the destination, distance and side when the player does not approach it
ok 156 - a direction hint names the destination, distance and side when the player does not approach it
  ---
  duration_ms: 81.659309
  type: 'test'
  ...
# Subtest: once the repair gate is ready the rest of seg_repair runs at readyScale; before that it keeps scale
ok 157 - once the repair gate is ready the rest of seg_repair runs at readyScale; before that it keeps scale
  ---
  duration_ms: 1.984688
  type: 'test'
  ...
# Subtest: the full control route still reaches the debrief with every required objective after the fixes
ok 158 - the full control route still reaches the debrief with every required objective after the fixes
  ---
  duration_ms: 0.200291
  type: 'test'
  ...
# Subtest: the withdrawing east platoon runs past the firing point during the corridor phase and does not stall at x = -109
ok 159 - the withdrawing east platoon runs past the firing point during the corridor phase and does not stall at x = -109
  ---
  duration_ms: 2807.830561
  type: 'test'
  ...
# Subtest: a Bąk delivered by the player stays visible beside Dudek, who carries him west before the west demolition
ok 160 - a Bąk delivered by the player stays visible beside Dudek, who carries him west before the west demolition
  ---
  duration_ms: 1007.824776
  type: 'test'
  ...
# Subtest: when Dudek retrieves Bąk he walks to him on the deck and carries him to the station, visible all the way
ok 161 - when Dudek retrieves Bąk he walks to him on the deck and carries him to the station, visible all the way
  ---
  duration_ms: 1061.288115
  type: 'test'
  ...
# Subtest: the roll call positions the present section in the shelter facing Jan; the absent stay away
ok 162 - the roll call positions the present section in the shelter facing Jan; the absent stay away
  ---
  duration_ms: 1001.12009
  type: 'test'
  ...
# Subtest: Kowal hands over at most six clips of section ammunition; saves keep the ammunition invariant
ok 163 - Kowal hands over at most six clips of section ammunition; saves keep the ammunition invariant
  ---
  duration_ms: 24.564801
  type: 'test'
  ...
# Subtest: legacy schema 2 saves receive the unused section supply and can resupply after loading
ok 164 - legacy schema 2 saves receive the unused section supply and can resupply after loading
  ---
  duration_ms: 10.692657
  type: 'test'
  ...
# Subtest: the bridge trusses contain movement: no falling off a span sideways or into a blown gap; the river bank still can
ok 165 - the bridge trusses contain movement: no falling off a span sideways or into a blown gap; the river bank still can
  ---
  duration_ms: 2.471631
  type: 'test'
  ...
# Subtest: a Bąk delivered after the east demolition is still evacuated, so the west demolition is not held forever
ok 166 - a Bąk delivered after the east demolition is still evacuated, so the west demolition is not held forever
  ---
  duration_ms: 808.221719
  type: 'test'
  ...
# Subtest: real control routes compare covering and ignoring: faster repair, fewer near misses and more survivors with support
ok 167 - real control routes compare covering and ignoring: faster repair, fewer near misses and more survivors with support
  ---
  duration_ms: 8043.675218
  type: 'test'
  ...
# Subtest: repair suppression requires a round that really arrives within 3 m; a solid wall shields the sappers
ok 168 - repair suppression requires a round that really arrives within 3 m; a solid wall shields the sappers
  ---
  duration_ms: 191.343349
  type: 'test'
  ...
# Subtest: inactive or suppressed Germans on the spans cause no withdrawal losses; looking away does not stop combat
ok 169 - inactive or suppressed Germans on the spans cause no withdrawal losses; looking away does not stop combat
  ---
  duration_ms: 794.229125
  type: 'test'
  ...
# Subtest: casualty IDs and rounds in flight survive reload and checkpoint restore; invalid optional timers are rejected atomically
ok 170 - casualty IDs and rounds in flight survive reload and checkpoint restore; invalid optional timers are rejected atomically
  ---
  duration_ms: 351.562128
  type: 'test'
  ...
# Subtest: legacy schema 2 saves migrate and the six reserve slots stay outside the eighteen-man platoon
ok 171 - legacy schema 2 saves migrate and the six reserve slots stay outside the eighteen-man platoon
  ---
  duration_ms: 74.381597
  type: 'test'
  ...
# Subtest: the air-raid cover instruction remains visible briefly even if the player was already in cover
ok 172 - the air-raid cover instruction remains visible briefly even if the player was already in cover
  ---
  duration_ms: 18.934167
  type: 'test'
  ...
# Subtest: adjustment warning and HUD identify a real salvo; view direction changes the bearing without changing combat
ok 173 - adjustment warning and HUD identify a real salvo; view direction changes the bearing without changing combat
  ---
  duration_ms: 1698.584801
  type: 'test'
  ...
# Subtest: a salvo from the dike behind the trusses identifies its actual origin, rather than the visible gate MG
ok 174 - a salvo from the dike behind the trusses identifies its actual origin, rather than the visible gate MG
  ---
  duration_ms: 1809.125449
  type: 'test'
  ...
# Subtest: an occluding wall prevents an adjustment warning and cover reservation, with a bounded retry
ok 175 - an occluding wall prevents an adjustment warning and cover reservation, with a bounded retry
  ---
  duration_ms: 239.259237
  type: 'test'
  ...
# Subtest: saved origin restores as data, expires after eight active seconds, and invalid or legacy saves remain safe
ok 176 - saved origin restores as data, expires after eight active seconds, and invalid or legacy saves remain safe
  ---
  duration_ms: 99.362844
  type: 'test'
  ...
# Subtest: German fire starts on the east bank; only shooters in sight of the west bank (the Lisewo gates) aim at it
ok 177 - German fire starts on the east bank; only shooters in sight of the west bank (the Lisewo gates) aim at it
  ---
  duration_ms: 1273.855418
  type: 'test'
  ...
# Subtest: rounds that pass within 3 m pin the sappers and stop the repair; the HUD line is exactly the simulation state
ok 178 - rounds that pass within 3 m pin the sappers and stop the repair; the HUD line is exactly the simulation state
  ---
  duration_ms: 907.604171
  type: 'test'
  ...
# Subtest: keeping the gate MG down shortens the repair; ignoring it lets the sappers be pinned again and again
ok 179 - keeping the gate MG down shortens the repair; ignoring it lets the sappers be pinned again and again
  ---
  duration_ms: 8237.400476
  type: 'test'
  ...
# Subtest: covering fire on the Germans on the spans saves men; without it the platoon falls to the predicted minimum
ok 180 - covering fire on the Germans on the spans saves men; without it the platoon falls to the predicted minimum
  ---
  duration_ms: 0.433893
  type: 'test'
  ...
# Subtest: historical times, checkpoints and demolition safety are unchanged in both routes
ok 181 - historical times, checkpoints and demolition safety are unchanged in both routes
  ---
  duration_ms: 0.260482
  type: 'test'
  ...
# Subtest: rounds in flight survive save and restore and play out identically; corrupt rounds are rejected
ok 182 - rounds in flight survive save and restore and play out identically; corrupt rounds are rejected
  ---
  duration_ms: 814.914202
  type: 'test'
  ...
# Subtest: after 120 s of continuous suppression the fire on the repair eases without warning until work resumes
ok 183 - after 120 s of continuous suppression the fire on the repair eases without warning until work resumes
  ---
  duration_ms: 1428.969723
  type: 'test'
  ...
# Subtest: the withdrawal HUD line reports the real count by ID and whether the Germans on the spans are suppressed
ok 184 - the withdrawal HUD line reports the real count by ID and whether the Germans on the spans are suppressed
  ---
  duration_ms: 2652.103446
  type: 'test'
  ...
# Subtest: allies under fire are drawn hunched (pinned pose) only while suppressedUntil lasts, without touching the actor
ok 185 - allies under fire are drawn hunched (pinned pose) only while suppressedUntil lasts, without touching the actor
  ---
  duration_ms: 1.376052
  type: 'test'
  ...
# Subtest: a designated withdrawal casualty needs an actual actor hit; a wall, a miss or an already dead target cannot lower the count
ok 186 - a designated withdrawal casualty needs an actual actor hit; a wall, a miss or an already dead target cannot lower the count
  ---
  duration_ms: 1.990276
  type: 'test'
  ...
# Subtest: damage decals never write simulation state: the real repair route stays bit-identical with them attached
ok 187 - damage decals never write simulation state: the real repair route stays bit-identical with them attached
  ---
  duration_ms: 2817.44932
  type: 'test'
  ...
# Subtest: damage decal sources stay presentation-only: no RNG, no simulation writes, a single Game hook
ok 188 - damage decal sources stay presentation-only: no RNG, no simulation writes, a single Game hook
  ---
  duration_ms: 1.923736
  type: 'test'
  ...
# Subtest: marks sit on the drawn receiver with a fixed lift, differ per material and never z-fight
ok 189 - marks sit on the drawn receiver with a fixed lift, differ per material and never z-fight
  ---
  duration_ms: 89.719367
  type: 'test'
  ...
# Subtest: portal wall marks stay on masonry: never across the arch opening or below its apex
ok 190 - portal wall marks stay on masonry: never across the arch opening or below its apex
  ---
  duration_ms: 1.600459
  type: 'test'
  ...
# Subtest: the west bridgehead marks the drawn embankment, never the walkable abutment buried under it
ok 191 - the west bridgehead marks the drawn embankment, never the walkable abutment buried under it
  ---
  duration_ms: 54.942894
  type: 'test'
  ...
# Subtest: mark pools, spall, debris and embers stay within the declared per-quality budget
ok 192 - mark pools, spall, debris and embers stay within the declared per-quality budget
  ---
  duration_ms: 557.248516
  type: 'test'
  ...
# Subtest: marks expire on the mission clock and are dropped deterministically when time runs backwards
ok 193 - marks expire on the mission clock and are dropped deterministically when time runs backwards
  ---
  duration_ms: 262.854738
  type: 'test'
  ...
# Subtest: blast residue lies on drawn surfaces, skips destroyed decks and the station interior, and is deterministic
ok 194 - blast residue lies on drawn surfaces, skips destroyed decks and the station interior, and is deterministic
  ---
  duration_ms: 24.463549
  type: 'test'
  ...
# Subtest: reset clears every transient mark and the residue rebuilds identically from saved damage; restore follows the save
ok 195 - reset clears every transient mark and the residue rebuilds identically from saved damage; restore follows the save
  ---
  duration_ms: 1379.336195
  type: 'test'
  ...
# Subtest: marks on a demolished span or a lowered cover are invalidated; marks elsewhere persist
ok 196 - marks on a demolished span or a lowered cover are invalidated; marks elsewhere persist
  ---
  duration_ms: 109.049594
  type: 'test'
  ...
# Subtest: the decal atlas is original, deterministic art with bounded size
ok 197 - the decal atlas is original, deterministic art with bounded size
  ---
  duration_ms: 160.512807
  type: 'test'
  ...
# Subtest: demolition bearing follows the actual impact and player view without changing the event or camera
ok 198 - demolition bearing follows the actual impact and player view without changing the event or camera
  ---
  duration_ms: 3996.887739
  type: 'test'
  ...
# Subtest: demolition cue restores from data, expires on active time, and distinguishes the west blast
ok 199 - demolition cue restores from data, expires on active time, and distinguishes the west blast
  ---
  duration_ms: 183.726012
  type: 'test'
  ...
# Subtest: M01 environment prop layout is deterministic, uniquely identified and grounded
ok 200 - M01 environment prop layout is deterministic, uniquely identified and grounded
  ---
  duration_ms: 9.88445
  type: 'test'
  ...
# Subtest: visual prop generation cannot consume gameplay RNG or mutate world colliders/save state
ok 201 - visual prop generation cannot consume gameplay RNG or mutate world colliders/save state
  ---
  duration_ms: 6.458713
  type: 'test'
  ...
# Subtest: critical rail, road and station access corridors remain visually clear
ok 202 - critical rail, road and station access corridors remain visually clear
  ---
  duration_ms: 3.568902
  type: 'test'
  ...
# Subtest: Low, Medium and High preserve composition while scaling detail coherently
ok 203 - Low, Medium and High preserve composition while scaling detail coherently
  ---
  duration_ms: 1.461881
  type: 'test'
  ...
# Subtest: rebuilding the visual layout is idempotent and does not create logical duplicates
ok 204 - rebuilding the visual layout is idempotent and does not create logical duplicates
  ---
  duration_ms: 5.234179
  type: 'test'
  ...
# Subtest: visual quality respects explicit settings and conservative hardware fallback
ok 205 - visual quality respects explicit settings and conservative hardware fallback
  ---
  duration_ms: 0.864141
  type: 'test'
  ...
# Subtest: foreground trunks obstruct walking and shots; restoring destruction reconstructs the same static obstacles
ok 206 - foreground trunks obstruct walking and shots; restoring destruction reconstructs the same static obstacles
  ---
  duration_ms: 4.785044
  type: 'test'
  ...
# Subtest: intro cards and fade follow the cs_m01_intro beats in mission data
ok 207 - intro cards and fade follow the cs_m01_intro beats in mission data
  ---
  duration_ms: 2.028323
  type: 'test'
  ...
# Subtest: roll call fades in with the 07:05 card from the battle clock and fades out at the debrief beat
ok 208 - roll call fades in with the 07:05 card from the battle clock and fades out at the debrief beat
  ---
  duration_ms: 0.732823
  type: 'test'
  ...
# Subtest: objective transitions, interaction keys and optional objective split are presentation parsing only
ok 209 - objective transitions, interaction keys and optional objective split are presentation parsing only
  ---
  duration_ms: 0.82372
  type: 'test'
  ...
# Subtest: the presenter never changes simulation state and keeps HUD text contracts on a real route
ok 210 - the presenter never changes simulation state and keeps HUD text contracts on a real route
  ---
  duration_ms: 4361.644987
  type: 'test'
  ...
# Subtest: checkpoint feedback, restore fade and continue card are timed by the simulation clock
ok 211 - checkpoint feedback, restore fade and continue card are timed by the simulation clock
  ---
  duration_ms: 28.097797
  type: 'test'
  ...
# Subtest: M01 Ju 87 B-1: metres, nose to −Z, 11.10 × 13.80 m, stable nodes and three LODs within budget
ok 212 - M01 Ju 87 B-1: metres, nose to −Z, 11.10 × 13.80 m, stable nodes and three LODs within budget
  ---
  duration_ms: 3.786109
  type: 'test'
  ...
# Subtest: M01 Ju 87 B-1: propeller turns a full revolution about Z; dive brakes open 90° about their hinge
ok 213 - M01 Ju 87 B-1: propeller turns a full revolution about Z; dive brakes open 90° about their hinge
  ---
  duration_ms: 1.203823
  type: 'test'
  ...
# Subtest: real GLBs: bounded decreasing LOD budgets, finite valid attributes, original licence and visible locomotive features
ok 214 - real GLBs: bounded decreasing LOD budgets, finite valid attributes, original licence and visible locomotive features
  ---
  duration_ms: 21.548403
  type: 'test'
  ...
# Subtest: loaded actual assets retain anchor and orientation; one visible LOD and three draw meshes
ok 215 - loaded actual assets retain anchor and orientation; one visible LOD and three draw meshes
  ---
  duration_ms: 89.392436
  type: 'test'
  ...
# Subtest: LOD hysteresis avoids boundary flicker and ignores quality, clock and camera semantics
ok 216 - LOD hysteresis avoids boundary flicker and ignores quality, clock and camera semantics
  ---
  duration_ms: 0.120302
  type: 'test'
  ...
# Subtest: partial asset failure uses a surviving LOD; total failure retains exact old proxy extents
ok 217 - partial asset failure uses a surviving LOD; total failure retains exact old proxy extents
  ---
  duration_ms: 14.610994
  type: 'test'
  ...
# Subtest: late optional downloads cannot attach after disposal; asset cache owns shared buffers
ok 218 - late optional downloads cannot attach after disposal; asset cache owns shared buffers
  ---
  duration_ms: 13.043545
  type: 'test'
  ...
# Subtest: integration preserves gameplay, RNG, hitboxes/muzzle modules, missions and non-presentation base assets byte-identical
ok 219 - integration preserves gameplay, RNG, hitboxes/muzzle modules, missions and non-presentation base assets byte-identical
  ---
  duration_ms: 463.385581
  type: 'test'
  ...
# Subtest: pause/restore and repeated rendering never mutate a save or introduce train movement authority
ok 220 - pause/restore and repeated rendering never mutate a save or introduce train movement authority
  ---
  duration_ms: 44.957576
  type: 'test'
  ...
# Subtest: M01 MG 34: metros, cano para −Z, 1,219 m ±2 %, peças móveis com pivô e três LODs no orçamento
ok 221 - M01 MG 34: metros, cano para −Z, 1,219 m ±2 %, peças móveis com pivô e três LODs no orçamento
  ---
  duration_ms: 3.136141
  type: 'test'
  ...
# Subtest: M01 MG 34: clips mg34_* ligam-se ao rig do soldado alemão e aos nós da arma; rajada de 7 a 800/min; recarga do tambor
ok 222 - M01 MG 34: clips mg34_* ligam-se ao rig do soldado alemão e aos nós da arma; rajada de 7 a 800/min; recarga do tambor
  ---
  duration_ms: 9.144295
  type: 'test'
  ...
# Subtest: M01 MG 34 deitada: nomes novos, kit da MG 34 e soldados reutilizados sem alterações (hashes do manifesto)
ok 223 - M01 MG 34 deitada: nomes novos, kit da MG 34 e soldados reutilizados sem alterações (hashes do manifesto)
  ---
  duration_ms: 14.140316
  type: 'test'
  ...
# Subtest: M01 MG 34 deitada: alvos do rig e da arma, valores finitos, quaternões unitários e durações
ok 224 - M01 MG 34 deitada: alvos do rig e da arma, valores finitos, quaternões unitários e durações
  ---
  duration_ms: 49.126562
  type: 'test'
  ...
# Subtest: M01 MG 34 deitada: rajada de 7 a 0,075 s, janela e cortes; bípode aberto/dobrado; recarga coordenada
ok 225 - M01 MG 34 deitada: rajada de 7 a 0,075 s, janela e cortes; bípode aberto/dobrado; recarga coordenada
  ---
  duration_ms: 2.74331
  type: 'test'
  ...
# Subtest: M01 MG 34 deitada: continuidade com mg34_aim do kit e entre clips deitados
ok 226 - M01 MG 34 deitada: continuidade com mg34_aim do kit e entre clips deitados
  ---
  duration_ms: 77.756571
  type: 'test'
  ...
# Subtest: M01 MG 34 deitada: AnimationMixer do three.js — contactos, passagem do tambor e pausa/retoma no mesmo frame
ok 227 - M01 MG 34 deitada: AnimationMixer do three.js — contactos, passagem do tambor e pausa/retoma no mesmo frame
  ---
  duration_ms: 40.565835
  type: 'test'
  ...
# Subtest: actual renderer samples enter, idle, burst and exit from simulation and matches its muzzle within 2 mm
ok 228 - actual renderer samples enter, idle, burst and exit from simulation and matches its muzzle within 2 mm
  ---
  duration_ms: 119.995656
  type: 'test'
  ...
# Subtest: renderer save after 1 shots restores same frame and flash without replay or RNG draws
ok 229 - renderer save after 1 shots restores same frame and flash without replay or RNG draws
  ---
  duration_ms: 82.634954
  type: 'test'
  ...
# Subtest: renderer save after 4 shots restores same frame and flash without replay or RNG draws
ok 230 - renderer save after 4 shots restores same frame and flash without replay or RNG draws
  ---
  duration_ms: 79.423906
  type: 'test'
  ...
# Subtest: renderer save after 6 shots restores same frame and flash without replay or RNG draws
ok 231 - renderer save after 6 shots restores same frame and flash without replay or RNG draws
  ---
  duration_ms: 59.728602
  type: 'test'
  ...
# Subtest: missing prone GLB uses existing procedural batches without changing gameplay, hitboxes, save, RNG or real shots
ok 232 - missing prone GLB uses existing procedural batches without changing gameplay, hitboxes, save, RNG or real shots
  ---
  duration_ms: 75.137569
  type: 'test'
  ...
# Subtest: rendered death during enter has no residual prone frame, weapon, flash or loader
ok 233 - rendered death during enter has no residual prone frame, weapon, flash or loader
  ---
  duration_ms: 64.60683
  type: 'test'
  ...
# Subtest: rendered death during idle has no residual prone frame, weapon, flash or loader
ok 234 - rendered death during idle has no residual prone frame, weapon, flash or loader
  ---
  duration_ms: 64.016618
  type: 'test'
  ...
# Subtest: rendered death during fire_burst has no residual prone frame, weapon, flash or loader
ok 235 - rendered death during fire_burst has no residual prone frame, weapon, flash or loader
  ---
  duration_ms: 35.199427
  type: 'test'
  ...
# Subtest: rendered death during exit has no residual prone frame, weapon, flash or loader
ok 236 - rendered death during exit has no residual prone frame, weapon, flash or loader
  ---
  duration_ms: 54.062509
  type: 'test'
  ...
# Subtest: actual muzzle effect after shot 1 has no extra flash in the .06/.075 gap or restore
ok 237 - actual muzzle effect after shot 1 has no extra flash in the .06/.075 gap or restore
  ---
  duration_ms: 15.961788
  type: 'test'
  ...
# Subtest: actual muzzle effect after shot 4 has no extra flash in the .06/.075 gap or restore
ok 238 - actual muzzle effect after shot 4 has no extra flash in the .06/.075 gap or restore
  ---
  duration_ms: 17.140793
  type: 'test'
  ...
# Subtest: actual muzzle effect after shot 6 has no extra flash in the .06/.075 gap or restore
ok 239 - actual muzzle effect after shot 6 has no extra flash in the .06/.075 gap or restore
  ---
  duration_ms: 13.281524
  type: 'test'
  ...
# Subtest: actual muzzle batches have no post-death flash during all four prone phases
ok 240 - actual muzzle batches have no post-death flash during all four prone phases
  ---
  duration_ms: 6.877874
  type: 'test'
  ...
# Subtest: existing MG34 gunners enter for exactly 1.9 seconds; other actors have no new posture
ok 241 - existing MG34 gunners enter for exactly 1.9 seconds; other actors have no new posture
  ---
  duration_ms: 9.778845
  type: 'test'
  ...
# Subtest: save and atomic restore preserve enter, idle, aim and exit and consume no RNG
ok 242 - save and atomic restore preserve enter, idle, aim and exit and consume no RNG
  ---
  duration_ms: 53.807189
  type: 'test'
  ...
# Subtest: save after shot 1: resume without duplicate/lost rounds, events, frames or RNG
ok 243 - save after shot 1: resume without duplicate/lost rounds, events, frames or RNG
  ---
  duration_ms: 28.458921
  type: 'test'
  ...
# Subtest: save after shot 4: resume without duplicate/lost rounds, events, frames or RNG
ok 244 - save after shot 4: resume without duplicate/lost rounds, events, frames or RNG
  ---
  duration_ms: 18.134278
  type: 'test'
  ...
# Subtest: save after shot 6: resume without duplicate/lost rounds, events, frames or RNG
ok 245 - save after shot 6: resume without duplicate/lost rounds, events, frames or RNG
  ---
  duration_ms: 14.155549
  type: 'test'
  ...
# Subtest: 4, 5, 6 and 7 shots preserve the requested count and real .075 cadence
ok 246 - 4, 5, 6 and 7 shots preserve the requested count and real .075 cadence
  ---
  duration_ms: 4.247895
  type: 'test'
  ...
# Subtest: pause leaves posture, progress, shot, pending burst, RNG and complete snapshot exactly stable
ok 247 - pause leaves posture, progress, shot, pending burst, RNG and complete snapshot exactly stable
  ---
  duration_ms: 30.808968
  type: 'test'
  ...
# Subtest: ADVANCE exits prone, blocks firing, then remains standing
ok 248 - ADVANCE exits prone, blocks firing, then remains standing
  ---
  duration_ms: 1.000326
  type: 'test'
  ...
# Subtest: RETREAT exits prone, blocks firing, then remains standing
ok 249 - RETREAT exits prone, blocks firing, then remains standing
  ---
  duration_ms: 0.87704
  type: 'test'
  ...
# Subtest: movement waits for exit; interrupted entry reverses its saved fractional progress
ok 250 - movement waits for exit; interrupted entry reverses its saved fractional progress
  ---
  duration_ms: 2.514295
  type: 'test'
  ...
# Subtest: suppression keeps the gunner low and cancels pending shots without cancelling those in flight
ok 251 - suppression keeps the gunner low and cancels pending shots without cancelling those in flight
  ---
  duration_ms: 13.114322
  type: 'test'
  ...
# Subtest: death during enter immediately clears posture and future shots
ok 252 - death during enter immediately clears posture and future shots
  ---
  duration_ms: 9.809777
  type: 'test'
  ...
# Subtest: death during idle immediately clears posture and future shots
ok 253 - death during idle immediately clears posture and future shots
  ---
  duration_ms: 8.585995
  type: 'test'
  ...
# Subtest: death during fire_burst immediately clears posture and future shots
ok 254 - death during fire_burst immediately clears posture and future shots
  ---
  duration_ms: 8.852285
  type: 'test'
  ...
# Subtest: death during exit immediately clears posture and future shots
ok 255 - death during exit immediately clears posture and future shots
  ---
  duration_ms: 8.736572
  type: 'test'
  ...
# Subtest: inactivity discards pending combat and never creates a loader association
ok 256 - inactivity discards pending combat and never creates a loader association
  ---
  duration_ms: 1.930406
  type: 'test'
  ...
# Subtest: legacy missing prone data resumes safely with no marker; 86 roster/CKM migration stays unchanged
ok 257 - legacy missing prone data resumes safely with no marker; 86 roster/CKM migration stays unchanged
  ---
  duration_ms: 11.329064
  type: 'test'
  ...
# Subtest: invalid partial/impossible prone fields reject atomically without changing source or target
ok 258 - invalid partial/impossible prone fields reject atomically without changing source or target
  ---
  duration_ms: 67.130414
  type: 'test'
  ...
# Subtest: movement and S3 station evacuation bodies remain byte-for-byte identical to the fixed base
ok 259 - movement and S3 station evacuation bodies remain byte-for-byte identical to the fixed base
  ---
  duration_ms: 5.533379
  type: 'test'
  ...
# Subtest: a nonlethal hit interrupts the remaining burst and stays low with a valid snapshot
ok 260 - a nonlethal hit interrupts the remaining burst and stays low with a valid snapshot
  ---
  duration_ms: 3.87254
  type: 'test'
  ...
# Subtest: player fire observes the current transition progress within a real simulation tick
ok 261 - player fire observes the current transition progress within a real simulation tick
  ---
  duration_ms: 2.748187
  type: 'test'
  ...
# Subtest: save cannot remove or alter an emitted round still in flight
ok 262 - save cannot remove or alter an emitted round still in flight
  ---
  duration_ms: 10.105823
  type: 'test'
  ...
# Subtest: OUTRO cancels pending rounds and blocks new MG bursts while preserving existing flight
ok 263 - OUTRO cancels pending rounds and blocks new MG bursts while preserving existing flight
  ---
  duration_ms: 0.872614
  type: 'test'
  ...
# Subtest: a target already reached never rewrites the state of a fixed prone burst
ok 264 - a target already reached never rewrites the state of a fixed prone burst
  ---
  duration_ms: 2.43131
  type: 'test'
  ...
# MG34 muzzle proof: 2496 comparisons, max=0.000038402 m, tolerance=0.002 m
# Subtest: numeric muzzle proof against real attached soldier/weapon GLBs for all phases and four facings
ok 265 - numeric muzzle proof against real attached soldier/weapon GLBs for all phases and four facings
  ---
  duration_ms: 159.538812
  type: 'test'
  ...
# Subtest: geometry table is derived reproducibly from the exact real GLBs, without a graphics or asset dependency in simulation
ok 266 - geometry table is derived reproducibly from the exact real GLBs, without a graphics or asset dependency in simulation
  ---
  duration_ms: 137.931575
  type: 'test'
  ...
# Subtest: head/torso/legs move along body axis facing=0 during prone and transitions
ok 267 - head/torso/legs move along body axis facing=0 during prone and transitions
  ---
  duration_ms: 0.920746
  type: 'test'
  ...
# Subtest: head/torso/legs move along body axis facing=1.5707963267948966 during prone and transitions
ok 268 - head/torso/legs move along body axis facing=1.5707963267948966 during prone and transitions
  ---
  duration_ms: 0.284549
  type: 'test'
  ...
# Subtest: head/torso/legs move along body axis facing=3.141592653589793 during prone and transitions
ok 269 - head/torso/legs move along body axis facing=3.141592653589793 during prone and transitions
  ---
  duration_ms: 0.268625
  type: 'test'
  ...
# Subtest: head/torso/legs move along body axis facing=-1.5707963267948966 during prone and transitions
ok 270 - head/torso/legs move along body axis facing=-1.5707963267948966 during prone and transitions
  ---
  duration_ms: 0.181022
  type: 'test'
  ...
# Subtest: partial entry interruption reverses the actual enter clip continuously instead of jumping to an unrelated exit frame
ok 271 - partial entry interruption reverses the actual enter clip continuously instead of jumping to an unrelated exit frame
  ---
  duration_ms: 0.61823
  type: 'test'
  ...
# Subtest: real rounds start at the rendered prone socket at each of seven scheduled shot instants
ok 272 - real rounds start at the rendered prone socket at each of seven scheduled shot instants
  ---
  duration_ms: 31.030146
  type: 'test'
  ...
# Subtest: pause keeps eye, hitboxes, muzzle and canonical clip frame exactly stable across all saved phases
ok 273 - pause keeps eye, hitboxes, muzzle and canonical clip frame exactly stable across all saved phases
  ---
  duration_ms: 2.405171
  type: 'test'
  ...
# Subtest: real GLBs: bounded decreasing LOD budgets, finite valid attributes, original licence and five distinct conservative profiles
ok 274 - real GLBs: bounded decreasing LOD budgets, finite valid attributes, original licence and five distinct conservative profiles
  ---
  duration_ms: 29.792838
  type: 'test'
  ...
# Subtest: loaded actual assets retain anchor and orientation; one visible LOD and three draw meshes
ok 275 - loaded actual assets retain anchor and orientation; one visible LOD and three draw meshes
  ---
  duration_ms: 140.106569
  type: 'test'
  ...
# Subtest: LOD hysteresis avoids boundary flicker and ignores quality, clock and camera semantics
ok 276 - LOD hysteresis avoids boundary flicker and ignores quality, clock and camera semantics
  ---
  duration_ms: 0.199761
  type: 'test'
  ...
# Subtest: partial asset failure uses a surviving LOD; total failure retains exact old proxy extents
ok 277 - partial asset failure uses a surviving LOD; total failure retains exact old proxy extents
  ---
  duration_ms: 23.118712
  type: 'test'
  ...
# Subtest: late optional downloads cannot attach after disposal; asset cache owns shared buffers
ok 278 - late optional downloads cannot attach after disposal; asset cache owns shared buffers
  ---
  duration_ms: 23.480036
  type: 'test'
  ...
# Subtest: integration preserves gameplay, RNG, hitboxes/muzzle modules, missions and non-presentation base assets byte-identical
ok 279 - integration preserves gameplay, RNG, hitboxes/muzzle modules, missions and non-presentation base assets byte-identical
  ---
  duration_ms: 503.67332
  type: 'test'
  ...
# Subtest: pause/restore and repeated rendering never mutate a save or introduce train movement authority
ok 280 - pause/restore and repeated rendering never mutate a save or introduce train movement authority
  ---
  duration_ms: 48.45201
  type: 'test'
  ...
# Subtest: the real roll call seats only the present actors and keeps their positions and pose through save/reload
ok 281 - the real roll call seats only the present actors and keeps their positions and pose through save/reload
  ---
  duration_ms: 4273.710594
  type: 'test'
  ...
# Subtest: actual instance matrices lower seated/crouched heads, keep seated feet on the floor and render horizontal wounded/carried bodies without mutating data
ok 282 - actual instance matrices lower seated/crouched heads, keep seated feet on the floor and render horizontal wounded/carried bodies without mutating data
  ---
  duration_ms: 18.56616
  type: 'test'
  ...
# Subtest: legacy actors without pose remain accepted and an unknown saved pose is rejected atomically
ok 283 - legacy actors without pose remain accepted and an unknown saved pose is rejected atomically
  ---
  duration_ms: 14.933782
  type: 'test'
  ...
# Subtest: distance removes face accessories while retaining the same head position, pose and immutable actor
ok 284 - distance removes face accessories while retaining the same head position, pose and immutable actor
  ---
  duration_ms: 2.671391
  type: 'test'
  ...
# Subtest: a shot shoulders the rifle, keeps both hands on it and attaches the flash to the barrel through yaw and recoil
ok 285 - a shot shoulders the rifle, keeps both hands on it and attaches the flash to the barrel through yaw and recoil
  ---
  duration_ms: 1.902905
  type: 'test'
  ...
# Subtest: suppression lowers the upper body with feet planted and takes priority over a recent shot; seated, wounded and unarmed actors do not aim
ok 286 - suppression lowers the upper body with feet planted and takes priority over a recent shot; seated, wounded and unarmed actors do not aim
  ---
  duration_ms: 2.46465
  type: 'test'
  ...
# Subtest: a real combat save reproduces the same animation matrices at the same clock after reload and walking lifts a foot without sinking either boot
ok 287 - a real combat save reproduces the same animation matrices at the same clock after reload and walking lifts a foot without sinking either boot
  ---
  duration_ms: 569.448337
  type: 'test'
  ...
# Subtest: M01 rkm wz.28: metres, barrel to −Z, 1.11 m ±2 %, movable parts and three LODs within budget
ok 288 - M01 rkm wz.28: metres, barrel to −Z, 1.11 m ±2 %, movable parts and three LODs within budget
  ---
  duration_ms: 1.749183
  type: 'test'
  ...
# Subtest: M01 rkm wz.28: clips bind to the soldier skeleton; burst fires 3 rounds; rifle clip hidden
ok 289 - M01 rkm wz.28: clips bind to the soldier skeleton; burst fires 3 rounds; rifle clip hidden
  ---
  duration_ms: 3.119827
  type: 'test'
  ...
# Subtest: the pure collision JSON remains reproducible from the checked GLB translations
ok 290 - the pure collision JSON remains reproducible from the checked GLB translations
  ---
  duration_ms: 65.080624
  type: 'test'
  ...
# Subtest: debug diagnostics return copies; editing a returned gate or failure cannot change live state
ok 291 - debug diagnostics return copies; editing a returned gate or failure cannot change live state
  ---
  duration_ms: 9.740834
  type: 'test'
  ...
# Subtest: wz.29 requires a bolt cycle; an empty magazine uses a clip of five, preserving ammunition
ok 292 - wz.29 requires a bolt cycle; an empty magazine uses a clip of five, preserving ammunition
  ---
  duration_ms: 0.244759
  type: 'test'
  ...
# Subtest: wz.29 partial loading commits one round at a time and can be interrupted; in-progress saves resume it
ok 293 - wz.29 partial loading commits one round at a time and can be interrupted; in-progress saves resume it
  ---
  duration_ms: 0.556568
  type: 'test'
  ...
# Subtest: M01 complete control route reaches debrief, all required objectives, unique events and all four actual checkpoints
ok 294 - M01 complete control route reaches debrief, all required objectives, unique events and all four actual checkpoints
  ---
  duration_ms: 4487.330527
  type: 'test'
  ...
# Subtest: every M01 checkpoint restores exact actors, ammunition, RNG, dialogue, destruction and real clocks after death
ok 295 - every M01 checkpoint restores exact actors, ammunition, RNG, dialogue, destruction and real clocks after death
  ---
  duration_ms: 38.859265
  type: 'test'
  ...
# Subtest: damaged bridge pieces and German casualties survive LOD changes and checkpoint restoration
ok 296 - damaged bridge pieces and German casualties survive LOD changes and checkpoint restoration
  ---
  duration_ms: 7.132207
  type: 'test'
  ...
# Subtest: overdue events use >=; delayed events wait active seconds; pause freezes both clocks and weapon work
ok 297 - overdue events use >=; delayed events wait active seconds; pause freezes both clocks and weapon work
  ---
  duration_ms: 29.562524
  type: 'test'
  ...
# Subtest: a late message never rewinds battle time and every aerial impact stays at least thirty metres away
ok 298 - a late message never rewinds battle time and every aerial impact stays at least thirty metres away
  ---
  duration_ms: 2.820526
  type: 'test'
  ...
# Subtest: west demolition waits inside the safety zone, then releases once the player and allies have left
ok 299 - west demolition waits inside the safety zone, then releases once the player and allies have left
  ---
  duration_ms: 70.109585
  type: 'test'
  ...
# Subtest: boundary warning precedes failure and its eight second timer resets when the player returns
ok 300 - boundary warning precedes failure and its eight second timer resets when the player returns
  ---
  duration_ms: 2.631822
  type: 'test'
  ...
# Subtest: metre-space hitboxes, actual cover and bridge joints support shots and continuous travel
ok 301 - metre-space hitboxes, actual cover and bridge joints support shots and continuous travel
  ---
  duration_ms: 1.579318
  type: 'test'
  ...
# Subtest: corrupt M01 state is rejected atomically before an active scene, grenade or missing timer can crash the game
ok 302 - corrupt M01 state is rejected atomically before an active scene, grenade or missing timer can crash the game
  ---
  duration_ms: 33.841095
  type: 'test'
  ...
# Subtest: outro calls Nowicki twice as distinct beats and consumes completion once, including skip after partial playback
ok 303 - outro calls Nowicki twice as distinct beats and consumes completion once, including skip after partial playback
  ---
  duration_ms: 72.460844
  type: 'test'
  ...
# Subtest: optional Bąk rescue cannot be taken away mid-carry; delivery chooses the player continuity branch
ok 304 - optional Bąk rescue cannot be taken away mid-carry; delivery chooses the player continuity branch
  ---
  duration_ms: 5.050053
  type: 'test'
  ...
# Subtest: all five sectors keep their schedule and stable casualties for ninety seconds while the player looks away
ok 305 - all five sectors keep their schedule and stable casualties for ninety seconds while the player looks away
  ---
  duration_ms: 519.377316
  type: 'test'
  ...
# Subtest: west hold timeout sends the sergeant to escort the player without demolition damage
ok 306 - west hold timeout sends the sergeant to escort the player without demolition damage
  ---
  duration_ms: 1143.119275
  type: 'test'
  ...
# Subtest: grenade blast starts at its real height; solid cover shields a nearby actor and inactive actors stay unharmed
ok 307 - grenade blast starts at its real height; solid cover shields a nearby actor and inactive actors stay unharmed
  ---
  duration_ms: 1.773129
  type: 'test'
  ...
# Subtest: first divergence diagnostic detects exact tick, field, missing key and event changes
ok 308 - first divergence diagnostic detects exact tick, field, missing key and event changes
  ---
  duration_ms: 23.613108
  type: 'test'
  ...
# Subtest: full route A/B with CP-A..D, events, RNG and long continuation: seed 19390901, support false
ok 309 - full route A/B with CP-A..D, events, RNG and long continuation: seed 19390901, support false
  ---
  duration_ms: 80735.983506
  type: 'test'
  ...
# Subtest: full route A/B with CP-A..D, events, RNG and long continuation: seed 7, support true
ok 310 - full route A/B with CP-A..D, events, RNG and long continuation: seed 7, support true
  ---
  duration_ms: 65722.958632
  type: 'test'
  ...
# Subtest: MG34 seven-shot burst after 1, actual tick pipeline plus grenade, rifle RNG and double load
ok 311 - MG34 seven-shot burst after 1, actual tick pipeline plus grenade, rifle RNG and double load
  ---
  duration_ms: 443.73414
  type: 'test'
  ...
# Subtest: MG34 seven-shot burst after 4, actual tick pipeline plus grenade, rifle RNG and double load
ok 312 - MG34 seven-shot burst after 4, actual tick pipeline plus grenade, rifle RNG and double load
  ---
  duration_ms: 461.061035
  type: 'test'
  ...
# Subtest: MG34 seven-shot burst after 6, actual tick pipeline plus grenade, rifle RNG and double load
ok 313 - MG34 seven-shot burst after 6, actual tick pipeline plus grenade, rifle RNG and double load
  ---
  duration_ms: 442.482611
  type: 'test'
  ...
# Subtest: station grab: variable timestep, zero-dt pause, double save/load
ok 314 - station grab: variable timestep, zero-dt pause, double save/load
  ---
  duration_ms: 851.451851
  type: 'test'
  ...
# Subtest: station drag: variable timestep, zero-dt pause, double save/load
ok 315 - station drag: variable timestep, zero-dt pause, double save/load
  ---
  duration_ms: 849.04421
  type: 'test'
  ...
# Subtest: station release: variable timestep, zero-dt pause, double save/load
ok 316 - station release: variable timestep, zero-dt pause, double save/load
  ---
  duration_ms: 938.59025
  type: 'test'
  ...
# Subtest: grenade bounce/fuse, rifle bolt and partial reload continue with exact RNG and events
ok 317 - grenade bounce/fuse, rifle bolt and partial reload continue with exact RNG and events
  ---
  duration_ms: 525.892021
  type: 'test'
  ...
# Subtest: Bąk player carry/late delivery followed by Dudek evacuation and both demolitions
ok 318 - Bąk player carry/late delivery followed by Dudek evacuation and both demolitions
  ---
  duration_ms: 28275.370877
  type: 'test'
  ...
# Subtest: legacy 86/89 actors, missing optional fields and old CKM placement migrate once then have identical futures
ok 319 - legacy 86/89 actors, missing optional fields and old CKM placement migrate once then have identical futures
  ---
  duration_ms: 838.653004
  type: 'test'
  ...
# Subtest: legacy MG34 pre-created future rounds migrate without replay, then continue identically
ok 320 - legacy MG34 pre-created future rounds migrate without replay, then continue identically
  ---
  duration_ms: 474.873134
  type: 'test'
  ...
# Subtest: death between each real CP-A..D and the next CP preserves exact recovery and subsequent future
ok 321 - death between each real CP-A..D and the next CP preserves exact recovery and subsequent future
  ---
  duration_ms: 2312.944609
  type: 'test'
  ...
# Subtest: corrupt cross-system states reject atomically and leave the destination future unchanged
ok 322 - corrupt cross-system states reject atomically and leave the destination future unchanged
  ---
  duration_ms: 951.250067
  type: 'test'
  ...
# Subtest: corrupt weapon method/profile, unsigned RNG and unknown phase reject before changing future gameplay
ok 323 - corrupt weapon method/profile, unsigned RNG and unknown phase reject before changing future gameplay
  ---
  duration_ms: 688.203479
  type: 'test'
  ...
# Subtest: OUTRO playback, skip, double load and completed no-op use the same dialogue/event future
ok 324 - OUTRO playback, skip, double load and completed no-op use the same dialogue/event future
  ---
  duration_ms: 4545.052922
  type: 'test'
  ...
# Subtest: save between checkpoints preserves the future respawn destination
ok 325 - save between checkpoints preserves the future respawn destination
  ---
  duration_ms: 15.787346
  type: 'test'
  ...
# Subtest: motion package contains six distinct original clips and no renderable geometry, textures or root channels
ok 326 - motion package contains six distinct original clips and no renderable geometry, textures or root channels
  ---
  duration_ms: 3.073977
  type: 'test'
  ...
# Subtest: documented locomotion distance, contacts and durations can be sampled from an odometer
ok 327 - documented locomotion distance, contacts and durations can be sampled from an odometer
  ---
  duration_ms: 0.354864
  type: 'test'
  ...
# Subtest: all PL/DE and 61/28-joint LOD variants accept the same locked bind pose
ok 328 - all PL/DE and 61/28-joint LOD variants accept the same locked bind pose
  ---
  duration_ms: 4247.320872
  type: 'test'
  ...
# Subtest: real GLTFLoader/AnimationMixer binds all tracks, preserves root and limb lengths, without NaN or warnings
ok 329 - real GLTFLoader/AnimationMixer binds all tracks, preserves root and limb lengths, without NaN or warnings
  ---
  duration_ms: 190.661753
  type: 'test'
  ...
# Subtest: actual skinned boot soles stay above ground; nominal root displacement cancels planted-foot drift
ok 330 - actual skinned boot soles stay above ground; nominal root displacement cancels planted-foot drift
  ---
  duration_ms: 0.581535
  type: 'test'
  ...
# Subtest: wrists follow the weapon profile and elbows remain outside the chest envelope through the actual interpolated clips
ok 331 - wrists follow the weapon profile and elbows remain outside the chest envelope through the actual interpolated clips
  ---
  duration_ms: 0.270988
  type: 'test'
  ...
# Subtest: locomotion loops have matching transforms and no single-tick joint jump
ok 332 - locomotion loops have matching transforms and no single-tick joint jump
  ---
  duration_ms: 0.317107
  type: 'test'
  ...
# Subtest: left/right turns use opposite foot orders and ±90° skeletal yaw while the actor root stays fixed
ok 333 - left/right turns use opposite foot orders and ±90° skeletal yaw while the actor root stays fixed
  ---
  duration_ms: 103.374085
  type: 'test'
  ...
# Subtest: reactions recover to their initial pose without deciding combat or moving the actor root
ok 334 - reactions recover to their initial pose without deciding combat or moving the actor root
  ---
  duration_ms: 36.794623
  type: 'test'
  ...
# Subtest: the full visible skin stays finite and anatomically bounded at five requested clip phases on all six models
ok 335 - the full visible skin stays finite and anatomically bounded at five requested clip phases on all six models
  ---
  duration_ms: 2631.82724
  type: 'test'
  ...
# Subtest: generation reproduces the exact GLB and metadata twice without modifying original assets
ok 336 - generation reproduces the exact GLB and metadata twice without modifying original assets
  ---
  duration_ms: 307.059396
  type: 'test'
  ...
# Subtest: motion package source commit preserves gameplay, original assets, dependencies and workflows
ok 337 - motion package source commit preserves gameplay, original assets, dependencies and workflows
  ---
  duration_ms: 21.984647
  type: 'test'
  ...
# Subtest: eight bounded profiles per nation are deterministic by ID/side/real role and independent of clocks, health, order and quality
ok 338 - eight bounded profiles per nation are deterministic by ID/side/real role and independent of clocks, health, order and quality
  ---
  duration_ms: 14.11547
  type: 'test'
  ...
# Subtest: actual GLB variants survive all three LODs, pause, rebind and re-created renderers without actor/source mutation
ok 339 - actual GLB variants survive all three LODs, pause, rebind and re-created renderers without actor/source mutation
  ---
  duration_ms: 304.650367
  type: 'test'
  ...
# Subtest: OFF vs ON has exactly equal world bones, root/facing, gameplay hitboxes, weapon meshes and rendered muzzle at every LOD
ok 340 - OFF vs ON has exactly equal world bones, root/facing, gameplay hitboxes, weapon meshes and rendered muzzle at every LOD
  ---
  duration_ms: 209.307113
  type: 'test'
  ...
# Subtest: shared originals retain all attributes and indices; source atlas is shared; cached variants add no textures/draws
ok 341 - shared originals retain all attributes and indices; source atlas is shared; cached variants add no textures/draws
  ---
  duration_ms: 181.537682
  type: 'test'
  ...
# Subtest: actual gear silhouettes differ through existing breadbag fullness/optional shovel; ammo pouches and skins remain
ok 342 - actual gear silhouettes differ through existing breadbag fullness/optional shovel; ammo pouches and skins remain
  ---
  duration_ms: 39.3963
  type: 'test'
  ...
# Subtest: simulation futures/RNG/saves/checkpoints are exact with visual OFF vs ON; renderer freeze/reload does not write state
ok 343 - simulation futures/RNG/saves/checkpoints are exact with visual OFF vs ON; renderer freeze/reload does not write state
  ---
  duration_ms: 661.299648
  type: 'test'
  ...
# Subtest: missing optional art stays procedural; release/rebind keeps cached buffers until owner disposal
ok 344 - missing optional art stays procedural; release/rebind keeps cached buffers until owner disposal
  ---
  duration_ms: 33.570539
  type: 'test'
  ...
# Subtest: real continuation and its CP backup keep the same visual identities; German face treatments stay within 3 mm
ok 345 - real continuation and its CP backup keep the same visual identities; German face treatments stay within 3 mm
  ---
  duration_ms: 784.521853
  type: 'test'
  ...
# Subtest: integration preserves gameplay, hitbox/muzzle, save, locomotion and non-presentation base assets byte-identical
ok 346 - integration preserves gameplay, hitbox/muzzle, save, locomotion and non-presentation base assets byte-identical
  ---
  duration_ms: 713.804535
  type: 'test'
  ...
# Subtest: M01 soldiers: metres, −Z facing, 1.65–1.85 m and the full game skeleton in every LOD
ok 347 - M01 soldiers: metres, −Z facing, 1.65–1.85 m and the full game skeleton in every LOD
  ---
  duration_ms: 8.526155
  type: 'test'
  ...
# Subtest: M01 soldiers: visible triangle budget, textures per LOD and togglable variants
ok 348 - M01 soldiers: visible triangle budget, textures per LOD and togglable variants
  ---
  duration_ms: 5.520571
  type: 'test'
  ...
# Subtest: M01 soldiers: weapons keep documented length (wz.29 1.10, Kar98k ~1.11, wz.98a 1.25, rkm wz.28 1.11 m) with bolt and magazine bones
ok 349 - M01 soldiers: weapons keep documented length (wz.29 1.10, Kar98k ~1.11, wz.98a 1.25, rkm wz.28 1.11 m) with bolt and magazine bones
  ---
  duration_ms: 8.293276
  type: 'test'
  ...
# Subtest: M01 soldier animations bind by bone name and keep kb_wz29 timings
ok 350 - M01 soldier animations bind by bone name and keep kb_wz29 timings
  ---
  duration_ms: 3.602835
  type: 'test'
  ...
# Subtest: Station mesh vertices remain inside the authorised visual envelope at all LODs
ok 351 - Station mesh vertices remain inside the authorised visual envelope at all LODs
  ---
  duration_ms: 329.890438
  type: 'test'
  ...
# Subtest: the facade has real missing wall faces, deep closed reveals and physical parallax
ok 352 - the facade has real missing wall faces, deep closed reveals and physical parallax
  ---
  duration_ms: 162.126926
  type: 'test'
  ...
# Subtest: silhouette, roofs and openings survive quality switches; detail and allocation stay bounded
ok 353 - silhouette, roofs and openings survive quality switches; detail and allocation stay bounded
  ---
  duration_ms: 94.293847
  type: 'test'
  ...
# Subtest: geometry and material maps regenerate byte for byte without random state or external assets
ok 354 - geometry and material maps regenerate byte for byte without random state or external assets
  ---
  duration_ms: 428.722306
  type: 'test'
  ...
# Subtest: Station construction/sync preserves all anchors, colliders, props and save/RNG/evacuation authority
ok 355 - Station construction/sync preserves all anchors, colliders, props and save/RNG/evacuation authority
  ---
  duration_ms: 1163.94468
  type: 'test'
  ...
# Subtest: platform and awning preserve walking clearance in the existing facade and evacuation strips
ok 356 - platform and awning preserve walking clearance in the existing facade and evacuation strips
  ---
  duration_ms: 92.678499
  type: 'test'
  ...
# Subtest: dispose is idempotent; recreate replaces one root and frees owned geometry/material/texture resources once
ok 357 - dispose is idempotent; recreate replaces one root and frees owned geometry/material/texture resources once
  ---
  duration_ms: 251.404027
  type: 'test'
  ...
# Subtest: unexpected or missing Station anchors fail safely before attaching any replacement root
ok 358 - unexpected or missing Station anchors fail safely before attaching any replacement root
  ---
  duration_ms: 1.261309
  type: 'test'
  ...
# Subtest: the real station clips sample both roles from saved phase time, with pause, fresh renderer and LOD restore
ok 359 - the real station clips sample both roles from saved phase time, with pause, fresh renderer and LOD restore
  ---
  duration_ms: 1462.418679
  type: 'test'
  ...
# Subtest: the patient holds the actual final grab pose throughout the moving backward drag
ok 360 - the patient holds the actual final grab pose throughout the moving backward drag
  ---
  duration_ms: 407.729025
  type: 'test'
  ...
# Subtest: a missing or incomplete optional transition pair falls back together and leaves evacuation success to simulation
ok 361 - a missing or incomplete optional transition pair falls back together and leaves evacuation success to simulation
  ---
  duration_ms: 6131.06009
  type: 'test'
  ...
# Subtest: M01 arrasto da estação: ficheiros novos, rig e clips reutilizados sem alterações (SHA-256 do manifesto)
ok 362 - M01 arrasto da estação: ficheiros novos, rig e clips reutilizados sem alterações (SHA-256 do manifesto)
  ---
  duration_ms: 4.772696
  type: 'test'
  ...
# Subtest: M01 arrasto da estação: alvos dos 61 ossos, valores finitos, quaternões unitários, relógio e eventos dos pares
ok 363 - M01 arrasto da estação: alvos dos 61 ossos, valores finitos, quaternões unitários, relógio e eventos dos pares
  ---
  duration_ms: 34.527331
  type: 'test'
  ...
# Subtest: M01 arrasto da estação: extremos iguais às poses reais, percurso inverso e raiz sem deslocação
ok 364 - M01 arrasto da estação: extremos iguais às poses reais, percurso inverso e raiz sem deslocação
  ---
  duration_ms: 215.151189
  type: 'test'
  ...
# Subtest: M01 arrasto da estação: AnimationMixer do three.js — contactos, paciente de costas, corpos e pausa/retoma
ok 365 - M01 arrasto da estação: AnimationMixer do three.js — contactos, paciente de costas, corpos e pausa/retoma
  ---
  duration_ms: 76.717384
  type: 'test'
  ...
# Subtest: the fictional station casualty starts in the yard and the clock triggers his injury only once
ok 366 - the fictional station casualty starts in the yard and the clock triggers his injury only once
  ---
  duration_ms: 515.161579
  type: 'test'
  ...
# Subtest: the backward drag stays on the ground, completes outside the camera and returns Dudek to his post
ok 367 - the backward drag stays on the ground, completes outside the camera and returns Dudek to his post
  ---
  duration_ms: 789.183867
  type: 'test'
  ...
# Subtest: changing the player look never changes the station evacuation or its delivery
ok 368 - changing the player look never changes the station evacuation or its delivery
  ---
  duration_ms: 1139.773907
  type: 'test'
  ...
# Subtest: a save during the drag restores the same actors, task and future positions with no scene objects
ok 369 - a save during the drag restores the same actors, task and future positions with no scene objects
  ---
  duration_ms: 675.920658
  type: 'test'
  ...
# Subtest: death or removal of a participant detaches the casualty instead of leaving an invalid or moving carrier reference
ok 370 - death or removal of a participant detaches the casualty instead of leaving an invalid or moving carrier reference
  ---
  duration_ms: 1498.080551
  type: 'test'
  ...
# Subtest: legacy schema 2 saves with an already consumed station event do not replay an injury
ok 371 - legacy schema 2 saves with an already consumed station event do not replay an injury
  ---
  duration_ms: 372.71141
  type: 'test'
  ...
# Subtest: station care coexists with Bąk, all objectives, checkpoints and both historical demolitions on supported and ignored routes
ok 372 - station care coexists with Bąk, all objectives, checkpoints and both historical demolitions on supported and ignored routes
  ---
  duration_ms: 7416.79817
  type: 'test'
  ...
# Subtest: grab and release last 1.6 mission seconds, hold both roots and deliver only after settling
ok 373 - grab and release last 1.6 mission seconds, hold both roots and deliver only after settling
  ---
  duration_ms: 393.91053
  type: 'test'
  ...
# Subtest: schema 2 restores every station phase and its future clocks, actors and RNG exactly
ok 374 - schema 2 restores every station phase and its future clocks, actors and RNG exactly
  ---
  duration_ms: 1190.692269
  type: 'test'
  ...
# Subtest: all station phases interrupt on casualty/medic death, removal or reassignment without delivery
ok 375 - all station phases interrupt on casualty/medic death, removal or reassignment without delivery
  ---
  duration_ms: 6075.096041
  type: 'test'
  ...
# Subtest: old schema 2 transit saves resume without a new grab and corrupt station phases are rejected atomically
ok 376 - old schema 2 transit saves resume without a new grab and corrupt station phases are rejected atomically
  ---
  duration_ms: 388.957815
  type: 'test'
  ...
# Subtest: actual MG34 rig cuts 4/5/6/7-round bursts at their saved duration, keeps one weapon and samples pause/restore without mutation
ok 377 - actual MG34 rig cuts 4/5/6/7-round bursts at their saved duration, keeps one weapon and samples pause/restore without mutation
  ---
  duration_ms: 275.453984
  type: 'test'
  ...
# Subtest: two existing MG sources share art and retain independent rigs within the light budget; LOD, suppression, casualties and missing kit fall back
ok 378 - two existing MG sources share art and retain independent rigs within the light budget; LOD, suppression, casualties and missing kit fall back
  ---
  duration_ms: 153.047722
  type: 'test'
  ...
# Subtest: 65 actual wagon models use LOD2 instances at 9.10 m with source pivots and shared art; partial/full failures preserve the whole consist
ok 379 - 65 actual wagon models use LOD2 instances at 9.10 m with source pivots and shared art; partial/full failures preserve the whole consist
  ---
  duration_ms: 39.707824
  type: 'test'
  ...
# Subtest: disposing while optional wagon downloads are pending never attaches models to the old scene
ok 380 - disposing while optional wagon downloads are pending never attaches models to the old scene
  ---
  duration_ms: 12.582762
  type: 'test'
  ...
# Subtest: M01 declares the mission contract fields of Prompt §74
ok 381 - M01 declares the mission contract fields of Prompt §74
  ---
  duration_ms: 0.888978
  type: 'test'
  ...
# Subtest: M01 IDs are unique across the mission and every reference resolves
ok 382 - M01 IDs are unique across the mission and every reference resolves
  ---
  duration_ms: 1.811817
  type: 'test'
  ...
# Subtest: M01 keeps the documented chronology on the battle clock
ok 383 - M01 keeps the documented chronology on the battle clock
  ---
  duration_ms: 1.322521
  type: 'test'
  ...
# Subtest: M01 equips only gear available on 1 September 1939 and never the forbidden weapons
ok 384 - M01 equips only gear available on 1 September 1939 and never the forbidden weapons
  ---
  duration_ms: 0.234843
  type: 'test'
  ...
# Subtest: M01 keeps the mandatory lines of the master script verbatim
ok 385 - M01 keeps the mandatory lines of the master script verbatim
  ---
  duration_ms: 0.182364
  type: 'test'
  ...
# Subtest: M01 labels history and space only with the agreed vocabularies
ok 386 - M01 labels history and space only with the agreed vocabularies
  ---
  duration_ms: 0.527685
  type: 'test'
  ...
# Subtest: M01 checkpoints accumulate state and never save inside a demolition zone
ok 387 - M01 checkpoints accumulate state and never save inside a demolition zone
  ---
  duration_ms: 0.334924
  type: 'test'
  ...
# Subtest: M01 runs at least two independent battle sectors on the clock
ok 388 - M01 runs at least two independent battle sectors on the clock
  ---
  duration_ms: 0.313271
  type: 'test'
  ...
# Subtest: M01 map geometry matches the documented bridges of 1939 and the measured piers
ok 389 - M01 map geometry matches the documented bridges of 1939 and the measured piers
  ---
  duration_ms: 0.454544
  type: 'test'
  ...
# Subtest: M01 debrief keeps unconfirmed paragraphs disabled until their checks pass
ok 390 - M01 debrief keeps unconfirmed paragraphs disabled until their checks pass
  ---
  duration_ms: 0.794837
  type: 'test'
  ...
# Subtest: consist keeps 65 wagons, plan ids/types/x and the plan anchor; LOD hysteresis and candidates are unchanged
ok 391 - consist keeps 65 wagons, plan ids/types/x and the plan anchor; LOD hysteresis and candidates are unchanged
  ---
  duration_ms: 30.225264
  type: 'test'
  ...
# Subtest: real GLB instances keep plan x/z, sit on the rail-top offset and stay in the original LOD batches
ok 392 - real GLB instances keep plan x/z, sit on the rail-top offset and stay in the original LOD batches
  ---
  duration_ms: 113.158514
  type: 'test'
  ...
# Subtest: wheel/rail fit: treads sit on the rail head, flanges stay inside the gauge, no lateral offset (all types and LODs)
ok 393 - wheel/rail fit: treads sit on the rail head, flanges stay inside the gauge, no lateral offset (all types and LODs)
  ---
  duration_ms: 26.24971
  type: 'test'
  ...
# Subtest: every detail batch matches the tier of the drawn LOD; near/mid sets vanish at LOD2 and on Low; budget counted on real submissions
ok 394 - every detail batch matches the tier of the drawn LOD; near/mid sets vanish at LOD2 and on Low; budget counted on real submissions
  ---
  duration_ms: 50.960714
  type: 'test'
  ...
# Subtest: fallback: total and partial GLB failure keep the old proxies and never float details on them
ok 395 - fallback: total and partial GLB failure keep the old proxies and never float details on them
  ---
  duration_ms: 16.72046
  type: 'test'
  ...
# Subtest: train consist never asks for damage art and the yard intact/burned authority is unchanged
ok 396 - train consist never asks for damage art and the yard intact/burned authority is unchanged
  ---
  duration_ms: 9.661654
  type: 'test'
  ...
# Subtest: save/reload, pause frames and repeated updates never mutate simulation state or RNG; every detail/GLB buffer is history-free
ok 397 - save/reload, pause frames and repeated updates never mutate simulation state or RNG; every detail/GLB buffer is history-free
  ---
  duration_ms: 110.300332
  type: 'test'
  ...
# Subtest: variation is deterministic, bounded and visibly non-uniform without touching wagon type
ok 398 - variation is deterministic, bounded and visibly non-uniform without touching wagon type
  ---
  duration_ms: 0.80365
  type: 'test'
  ...
# Subtest: couplings and underframe add no collider: world obstacles/walk surfaces are identical and nothing reads the world
ok 399 - couplings and underframe add no collider: world obstacles/walk surfaces are identical and nothing reads the world
  ---
  duration_ms: 12.915673
  type: 'test'
  ...
# Subtest: dispose/recreate and repeated rebuilds never duplicate meshes or free shared art
ok 400 - dispose/recreate and repeated rebuilds never duplicate meshes or free shared art
  ---
  duration_ms: 34.976913
  type: 'test'
  ...
# Subtest: original Claude train source changes only its renderer and adds detail, without touching gameplay or assets
ok 401 - original Claude train source changes only its renderer and adds detail, without touching gameplay or assets
  ---
  duration_ms: 27.007256
  type: 'test'
  ...
# Subtest: everything the consist draws (siding included) lives under the train963 group, so visibility authority is unchanged
ok 402 - everything the consist draws (siding included) lives under the train963 group, so visibility authority is unchanged
  ---
  duration_ms: 16.10266
  type: 'test'
  ...
# Subtest: the drawn siding: rail heads at the rail top, standard gauge between inner faces, continuous from 1062 to 2000 m
ok 403 - the drawn siding: rail heads at the rail top, standard gauge between inner faces, continuous from 1062 to 2000 m
  ---
  duration_ms: 23.485514
  type: 'test'
  ...
# Subtest: a wagon drawn with a finer fallback GLB far away keeps the far tier (missing LOD2 art)
ok 404 - a wagon drawn with a finer fallback GLB far away keeps the far tier (missing LOD2 art)
  ---
  duration_ms: 11.136555
  type: 'test'
  ...
# Subtest: vegetation layout is deterministic, pure and leaves the approved solid trees untouched
ok 405 - vegetation layout is deterministic, pure and leaves the approved solid trees untouched
  ---
  duration_ms: 206.200429
  type: 'test'
  ...
# Subtest: vegetation stays inside the browser budget and keeps Low cheaper
ok 406 - vegetation stays inside the browser budget and keeps Low cheaper
  ---
  duration_ms: 20.857398
  type: 'test'
  ...
# Subtest: trees, shrubs and ground cover are varied, clustered and never laid out on a grid
ok 407 - trees, shrubs and ground cover are varied, clustered and never laid out on a grid
  ---
  duration_ms: 12.365184
  type: 'test'
  ...
# Subtest: decoration respects corridors, objectives, covers and the playable bounds
ok 408 - decoration respects corridors, objectives, covers and the playable bounds
  ---
  duration_ms: 68.424598
  type: 'test'
  ...
# Subtest: no shrub or visual tree stands on a path actually walked in the scripted mission
ok 409 - no shrub or visual tree stands on a path actually walked in the scripted mission
  ---
  duration_ms: 4293.887863
  type: 'test'
  ...
# Subtest: vegetation variation is deterministic, visual-only and does not consume gameplay RNG
ok 410 - vegetation variation is deterministic, visual-only and does not consume gameplay RNG
  ---
  duration_ms: 95.134271
  type: 'test'
  ...
# Subtest: vegetation LOD tiers use hysteresis and Low keeps a geometric canopy
ok 411 - vegetation LOD tiers use hysteresis and Low keeps a geometric canopy
  ---
  duration_ms: 0.422466
  type: 'test'
  ...
# Subtest: approved tree colliders and critical route remain unchanged by the visual pass
ok 412 - approved tree colliders and critical route remain unchanged by the visual pass
  ---
  duration_ms: 508.17664
  type: 'test'
  ...
# Subtest: M01 vagões danificados: o kit intacto não foi alterado (sha256 registados no manifesto)
ok 413 - M01 vagões danificados: o kit intacto não foi alterado (sha256 registados no manifesto)
  ---
  duration_ms: 2.694887
  type: 'test'
  ...
# Subtest: M01 vagões danificados: metros, 9,10 m no LOD0, rodas no carril, pivôs do intacto e três LODs no orçamento
ok 414 - M01 vagões danificados: metros, 9,10 m no LOD0, rodas no carril, pivôs do intacto e três LODs no orçamento
  ---
  duration_ms: 23.191143
  type: 'test'
  ...
# Subtest: M01 vagões danificados: sockets iguais aos do intacto, mais impact só no danificado
ok 415 - M01 vagões danificados: sockets iguais aos do intacto, mais impact só no danificado
  ---
  duration_ms: 2.042215
  type: 'test'
  ...
# Subtest: M01 vagões danificados: wheels_roll igual ao intacto; doors_open só na porta esquerda do coberto danificado
ok 416 - M01 vagões danificados: wheels_roll igual ao intacto; doors_open só na porta esquerda do coberto danificado
  ---
  duration_ms: 2.314354
  type: 'test'
  ...
# Subtest: M01 vagões danificados: restos só visuais no nó debris, alterações registadas e sem efeitos próprios
ok 417 - M01 vagões danificados: restos só visuais no nó debris, alterações registadas e sem efeitos próprios
  ---
  duration_ms: 0.868217
  type: 'test'
  ...
# Subtest: train and yard LOD selectors cover 0/1/2 with hysteresis and stable identities
ok 418 - train and yard LOD selectors cover 0/1/2 with hysteresis and stable identities
  ---
  duration_ms: 2.0394
  type: 'test'
  ...
# Subtest: yard authority is only intact/burned; damaged art is never invented
ok 419 - yard authority is only intact/burned; damaged art is never invented
  ---
  duration_ms: 0.503088
  type: 'test'
  ...
# Subtest: authoritative marker survives save/reload and checkpoint restore chooses the saved visual state
ok 420 - authoritative marker survives save/reload and checkpoint restore chooses the saved visual state
  ---
  duration_ms: 25.230223
  type: 'test'
  ...
# Subtest: yard positions/covers stay authoritative and fire/smoke use authored sockets
ok 421 - yard positions/covers stay authoritative and fire/smoke use authored sockets
  ---
  duration_ms: 0.958984
  type: 'test'
  ...
# Subtest: yard renderer falls back to the best loaded asset, then procedural proxy, without changing semantic state
ok 422 - yard renderer falls back to the best loaded asset, then procedural proxy, without changing semantic state
  ---
  duration_ms: 8.072874
  type: 'test'
  ...
# Subtest: train renderer uses all three real LODs and retains procedural fallback when every asset fails
ok 423 - train renderer uses all three real LODs and retains procedural fallback when every asset fails
  ---
  duration_ms: 53.752572
  type: 'test'
  ...
# Subtest: missing individual LODs choose the closest real train asset and missing burned art falls back to intact GLB
ok 424 - missing individual LODs choose the closest real train asset and missing burned art falls back to intact GLB
  ---
  duration_ms: 36.381952
  type: 'test'
  ...
# Subtest: late GLB completion after dispose cannot reattach or populate yard sources
ok 425 - late GLB completion after dispose cannot reattach or populate yard sources
  ---
  duration_ms: 1.127337
  type: 'test'
  ...
# Subtest: M01 vagões: metros, 9,10 m entre tampões no LOD0, rodas no carril, nós estáveis e três LODs no orçamento
ok 426 - M01 vagões: metros, 9,10 m entre tampões no LOD0, rodas no carril, nós estáveis e três LODs no orçamento
  ---
  duration_ms: 3.070302
  type: 'test'
  ...
# Subtest: M01 vagões: rodados dão uma volta por segundo em X; portas do coberto correm 1,95 m em Z
ok 427 - M01 vagões: rodados dão uma volta por segundo em X; portas do coberto correm 1,95 m em Z
  ---
  duration_ms: 2.000612
  type: 'test'
  ...
# Subtest: unmodified weapon ballistics, RNG and spatial gameplay sources remain byte-identical to base 99309d9
ok 428 - unmodified weapon ballistics, RNG and spatial gameplay sources remain byte-identical to base 99309d9
  ---
  duration_ms: 1.669564
  type: 'test'
  ...
# Subtest: each weapon keeps its own frozen presentation identity and carries no gameplay keys
ok 429 - each weapon keeps its own frozen presentation identity and carries no gameplay keys
  ---
  duration_ms: 4.993467
  type: 'test'
  ...
# Subtest: recoil is a finite per-weapon impulse: zero at rest, bounded, weaker in ADS, deterministic per shot
ok 430 - recoil is a finite per-weapon impulse: zero at rest, bounded, weaker in ADS, deterministic per shot
  ---
  duration_ms: 6.844665
  type: 'test'
  ...
# Subtest: hip sway is bounded and does not visibly loop; ADS at rest keeps the exact sight pose
ok 431 - hip sway is bounded and does not visibly loop; ADS at rest keeps the exact sight pose
  ---
  duration_ms: 4.769511
  type: 'test'
  ...
# Subtest: look lag trails turns, is clamped, settles, ignores frozen clocks and wraps at ±π
ok 432 - look lag trails turns, is clamped, settles, ignores frozen clocks and wraps at ±π
  ---
  duration_ms: 0.706433
  type: 'test'
  ...
# Subtest: a weapon-pass point maps to the world point under the same pixel at hip and ADS fields of view
ok 433 - a weapon-pass point maps to the world point under the same pixel at hip and ADS fields of view
  ---
  duration_ms: 1.658047
  type: 'test'
  ...
# Subtest: brass/clip flight is analytic in age, never sinks below the ground plane and comes to rest
ok 434 - brass/clip flight is analytic in age, never sinks below the ground plane and comes to rest
  ---
  duration_ms: 3.117554
  type: 'test'
  ...
# Subtest: weapon-pass FX: flash only in the event window, layered on the socket, constant light count, smoke after the shot
ok 435 - weapon-pass FX: flash only in the event window, layered on the socket, constant light count, smoke after the shot
  ---
  duration_ms: 11.831331
  type: 'test'
  ...
# Subtest: world FX: emissions are idempotent by id, bounded, discarded by a restored world or an earlier clock
ok 436 - world FX: emissions are idempotent by id, bounded, discarded by a restored world or an earlier clock
  ---
  duration_ms: 5.435482
  type: 'test'
  ...
# Subtest: weapon lighting follows the world sky/sun and the view, without new light types per frame
ok 437 - weapon lighting follows the world sky/sun and the view, without new light types per frame
  ---
  duration_ms: 2.015815
  type: 'test'
  ...
# Subtest: wz.29: one case per shot at the authored eject marker, one muzzle cloud, nothing duplicated by repeated frames
ok 438 - wz.29: one case per shot at the authored eject marker, one muzzle cloud, nothing duplicated by repeated frames
  ---
  duration_ms: 470.898078
  type: 'test'
  ...
# Subtest: wz.29 clip reload throws exactly one empty stripper clip at 2,45 s; a single-round reload throws none
ok 439 - wz.29 clip reload throws exactly one empty stripper clip at 2,45 s; a single-round reload throws none
  ---
  duration_ms: 865.984762
  type: 'test'
  ...
# Subtest: wz.29 stroke, lag and FX keep every viewmodel vertex beyond the near plane and the flash on the socket
ok 440 - wz.29 stroke, lag and FX keep every viewmodel vertex beyond the near plane and the flash on the socket
  ---
  duration_ms: 751.906561
  type: 'test'
  ...
# Subtest: pause and restore: repeated frames are frozen; a restored world rebuilds presentation at rest and drops world history
ok 441 - pause and restore: repeated frames are frozen; a restored world rebuilds presentation at rest and drops world history
  ---
  duration_ms: 293.759371
  type: 'test'
  ...
# Subtest: independent renderers of the same restored mid-bolt state produce the same frame (no hidden clocks)
ok 442 - independent renderers of the same restored mid-bolt state produce the same frame (no hidden clocks)
  ---
  duration_ms: 172.367742
  type: 'test'
  ...
# Subtest: a slow frame that steps past the 60 ms window still shows the shot once at full strength, never again or after restore
ok 443 - a slow frame that steps past the 60 ms window still shows the shot once at full strength, never again or after restore
  ---
  duration_ms: 191.705456
  type: 'test'
  ...
# Subtest: ejected pieces settle on the surface under their landing point, never inside a slope
ok 444 - ejected pieces settle on the surface under their landing point, never inside a slope
  ---
  duration_ms: 2.527444
  type: 'test'
  ...
# Subtest: look lag after the authoritative recoil pitch settles by READY at 4 fps as at 20 fps; sights exact
ok 445 - look lag after the authoritative recoil pitch settles by READY at 4 fps as at 20 fps; sights exact
  ---
  duration_ms: 388.334617
  type: 'test'
  ...
# Subtest: measured real clips and asset socket metadata are locked; archived BASE is exact
ok 446 - measured real clips and asset socket metadata are locked; archived BASE is exact
  ---
  duration_ms: 220.996922
  type: 'test'
  ...
# Subtest: integration keeps Wz29/muzzle/hitboxes/RNG bytes and locks the approved simulation gameplay baseline
ok 447 - integration keeps Wz29/muzzle/hitboxes/RNG bytes and locks the approved simulation gameplay baseline
  ---
  duration_ms: 0.444088
  type: 'test'
  ...
# Subtest: ADS aligns actual rear/front with camera -Z on LOD0, all qualities
ok 448 - ADS aligns actual rear/front with camera -Z on LOD0, all qualities
  ---
  duration_ms: 193.298028
  type: 'test'
  ...
# Subtest: ADS aligns actual rear/front with camera -Z on LOD1, all qualities
ok 449 - ADS aligns actual rear/front with camera -Z on LOD1, all qualities
  ---
  duration_ms: 149.094722
  type: 'test'
  ...
# Subtest: visual flash starts exactly on the barrel socket through hip, ADS, bolt, reload and run
ok 450 - visual flash starts exactly on the barrel socket through hip, ADS, bolt, reload and run
  ---
  duration_ms: 213.565639
  type: 'test'
  ...
# Subtest: dense clipping matrix samples all referenced vertices, LOD0
ok 451 - dense clipping matrix samples all referenced vertices, LOD0
  ---
  duration_ms: 786.440193
  type: 'test'
  ...
# Subtest: dense clipping matrix samples all referenced vertices, LOD1
ok 452 - dense clipping matrix samples all referenced vertices, LOD1
  ---
  duration_ms: 456.693894
  type: 'test'
  ...
# Subtest: local arm skin/pose/material changes leave source geometry, bones, clips and materials intact
ok 453 - local arm skin/pose/material changes leave source geometry, bones, clips and materials intact
  ---
  duration_ms: 175.995236
  type: 'test'
  ...
# Subtest: pause freezes phase, transition, arms and mechanics including clamped clip endpoint
ok 454 - pause freezes phase, transition, arms and mechanics including clamped clip endpoint
  ---
  duration_ms: 182.354234
  type: 'test'
  ...
# Subtest: ADS/run transitions are controlled by mission dt and converge without action rebind
ok 455 - ADS/run transitions are controlled by mission dt and converge without action rebind
  ---
  duration_ms: 157.117881
  type: 'test'
  ...
# Subtest: recoil is finite, damped, bounded and has weaker ADS presentation
ok 456 - recoil is finite, damped, bounded and has weaker ADS presentation
  ---
  duration_ms: 2.636619
  type: 'test'
  ...
# Subtest: missing optional model/clips returns to existing caller fallback; LOD1 remains viable
ok 457 - missing optional model/clips returns to existing caller fallback; LOD1 remains viable
  ---
  duration_ms: 84.379639
  type: 'test'
  ...
# Subtest: restore mid-bolt and both reloads reconstruct mechanical phase without saving a mixer
ok 458 - restore mid-bolt and both reloads reconstruct mechanical phase without saving a mixer
  ---
  duration_ms: 311.716559
  type: 'test'
  ...
# Subtest: an existing menu/checkpoint renderer reconstructs ADS at a replaced world boundary
ok 459 - an existing menu/checkpoint renderer reconstructs ADS at a replaced world boundary
  ---
  duration_ms: 222.712781
  type: 'test'
  ...
# Subtest: BASE/CANDIDATE whole save, HP/ammo/shots/hits/transforms/muzzle/RNG/clocks/CP remain exact for 600 input ticks
ok 460 - BASE/CANDIDATE whole save, HP/ammo/shots/hits/transforms/muzzle/RNG/clocks/CP remain exact for 600 input ticks
  ---
  duration_ms: 3596.58631
  type: 'test'
  ...
1..460
# tests 460
# suites 0
# pass 460
# fail 0
# cancelled 0
# skipped 0
# todo 0
# duration_ms 287910.030599
