npm warn Unknown env config "http-proxy". This will stop working in the next major version of npm.

> operation-ashen-road@0.2.0 test:browser
> playwright test

[WebServer] (node:83) Warning: The 'NO_COLOR' env is ignored due to the 'FORCE_COLOR' env being set.
[WebServer] (Use `node --trace-warnings ...` to show where the warning was created)
[WebServer] npm warn Unknown env config "http-proxy". This will stop working in the next major version of npm.
[WebServer] (node:96) Warning: The 'NO_COLOR' env is ignored due to the 'FORCE_COLOR' env being set.
[WebServer] (Use `node --trace-warnings ...` to show where the warning was created)

Running 37 tests using 1 worker
(node:130) Warning: The 'NO_COLOR' env is ignored due to the 'FORCE_COLOR' env being set.
(Use `node --trace-warnings ...` to show where the warning was created)
(node:130) Warning: The 'NO_COLOR' env is ignored due to the 'FORCE_COLOR' env being set.
(Use `node --trace-warnings ...` to show where the warning was created)
F(node:144) Warning: The 'NO_COLOR' env is ignored due to the 'FORCE_COLOR' env being set.
(Use `node --trace-warnings ...` to show where the warning was created)
(node:144) Warning: The 'NO_COLOR' env is ignored due to the 'FORCE_COLOR' env being set.
(Use `node --trace-warnings ...` to show where the warning was created)
F(node:158) Warning: The 'NO_COLOR' env is ignored due to the 'FORCE_COLOR' env being set.
(Use `node --trace-warnings ...` to show where the warning was created)
(node:158) Warning: The 'NO_COLOR' env is ignored due to the 'FORCE_COLOR' env being set.
(Use `node --trace-warnings ...` to show where the warning was created)
F(node:172) Warning: The 'NO_COLOR' env is ignored due to the 'FORCE_COLOR' env being set.
(Use `node --trace-warnings ...` to show where the warning was created)
(node:172) Warning: The 'NO_COLOR' env is ignored due to the 'FORCE_COLOR' env being set.
(Use `node --trace-warnings ...` to show where the warning was created)
F(node:186) Warning: The 'NO_COLOR' env is ignored due to the 'FORCE_COLOR' env being set.
(Use `node --trace-warnings ...` to show where the warning was created)
(node:186) Warning: The 'NO_COLOR' env is ignored due to the 'FORCE_COLOR' env being set.
(Use `node --trace-warnings ...` to show where the warning was created)
F(node:200) Warning: The 'NO_COLOR' env is ignored due to the 'FORCE_COLOR' env being set.
(Use `node --trace-warnings ...` to show where the warning was created)
(node:200) Warning: The 'NO_COLOR' env is ignored due to the 'FORCE_COLOR' env being set.
(Use `node --trace-warnings ...` to show where the warning was created)
F(node:214) Warning: The 'NO_COLOR' env is ignored due to the 'FORCE_COLOR' env being set.
(Use `node --trace-warnings ...` to show where the warning was created)
(node:214) Warning: The 'NO_COLOR' env is ignored due to the 'FORCE_COLOR' env being set.
(Use `node --trace-warnings ...` to show where the warning was created)
F(node:228) Warning: The 'NO_COLOR' env is ignored due to the 'FORCE_COLOR' env being set.
(Use `node --trace-warnings ...` to show where the warning was created)
(node:228) Warning: The 'NO_COLOR' env is ignored due to the 'FORCE_COLOR' env being set.
(Use `node --trace-warnings ...` to show where the warning was created)
F(node:242) Warning: The 'NO_COLOR' env is ignored due to the 'FORCE_COLOR' env being set.
(Use `node --trace-warnings ...` to show where the warning was created)
(node:242) Warning: The 'NO_COLOR' env is ignored due to the 'FORCE_COLOR' env being set.
(Use `node --trace-warnings ...` to show where the warning was created)
F(node:256) Warning: The 'NO_COLOR' env is ignored due to the 'FORCE_COLOR' env being set.
(Use `node --trace-warnings ...` to show where the warning was created)
(node:256) Warning: The 'NO_COLOR' env is ignored due to the 'FORCE_COLOR' env being set.
(Use `node --trace-warnings ...` to show where the warning was created)
F(node:270) Warning: The 'NO_COLOR' env is ignored due to the 'FORCE_COLOR' env being set.
(Use `node --trace-warnings ...` to show where the warning was created)
(node:270) Warning: The 'NO_COLOR' env is ignored due to the 'FORCE_COLOR' env being set.
(Use `node --trace-warnings ...` to show where the warning was created)
F(node:284) Warning: The 'NO_COLOR' env is ignored due to the 'FORCE_COLOR' env being set.
(Use `node --trace-warnings ...` to show where the warning was created)
(node:284) Warning: The 'NO_COLOR' env is ignored due to the 'FORCE_COLOR' env being set.
(Use `node --trace-warnings ...` to show where the warning was created)
F(node:298) Warning: The 'NO_COLOR' env is ignored due to the 'FORCE_COLOR' env being set.
(Use `node --trace-warnings ...` to show where the warning was created)
(node:298) Warning: The 'NO_COLOR' env is ignored due to the 'FORCE_COLOR' env being set.
(Use `node --trace-warnings ...` to show where the warning was created)
F(node:312) Warning: The 'NO_COLOR' env is ignored due to the 'FORCE_COLOR' env being set.
(Use `node --trace-warnings ...` to show where the warning was created)
(node:312) Warning: The 'NO_COLOR' env is ignored due to the 'FORCE_COLOR' env being set.
(Use `node --trace-warnings ...` to show where the warning was created)
F(node:326) Warning: The 'NO_COLOR' env is ignored due to the 'FORCE_COLOR' env being set.
(Use `node --trace-warnings ...` to show where the warning was created)
(node:326) Warning: The 'NO_COLOR' env is ignored due to the 'FORCE_COLOR' env being set.
(Use `node --trace-warnings ...` to show where the warning was created)
F(node:340) Warning: The 'NO_COLOR' env is ignored due to the 'FORCE_COLOR' env being set.
(Use `node --trace-warnings ...` to show where the warning was created)
(node:340) Warning: The 'NO_COLOR' env is ignored due to the 'FORCE_COLOR' env being set.
(Use `node --trace-warnings ...` to show where the warning was created)
F(node:354) Warning: The 'NO_COLOR' env is ignored due to the 'FORCE_COLOR' env being set.
(Use `node --trace-warnings ...` to show where the warning was created)
(node:354) Warning: The 'NO_COLOR' env is ignored due to the 'FORCE_COLOR' env being set.
(Use `node --trace-warnings ...` to show where the warning was created)
F(node:368) Warning: The 'NO_COLOR' env is ignored due to the 'FORCE_COLOR' env being set.
(Use `node --trace-warnings ...` to show where the warning was created)
(node:368) Warning: The 'NO_COLOR' env is ignored due to the 'FORCE_COLOR' env being set.
(Use `node --trace-warnings ...` to show where the warning was created)
F(node:382) Warning: The 'NO_COLOR' env is ignored due to the 'FORCE_COLOR' env being set.
(Use `node --trace-warnings ...` to show where the warning was created)
(node:382) Warning: The 'NO_COLOR' env is ignored due to the 'FORCE_COLOR' env being set.
(Use `node --trace-warnings ...` to show where the warning was created)
F(node:396) Warning: The 'NO_COLOR' env is ignored due to the 'FORCE_COLOR' env being set.
(Use `node --trace-warnings ...` to show where the warning was created)
(node:396) Warning: The 'NO_COLOR' env is ignored due to the 'FORCE_COLOR' env being set.
(Use `node --trace-warnings ...` to show where the warning was created)
F(node:410) Warning: The 'NO_COLOR' env is ignored due to the 'FORCE_COLOR' env being set.
(Use `node --trace-warnings ...` to show where the warning was created)
(node:410) Warning: The 'NO_COLOR' env is ignored due to the 'FORCE_COLOR' env being set.
(Use `node --trace-warnings ...` to show where the warning was created)
F(node:424) Warning: The 'NO_COLOR' env is ignored due to the 'FORCE_COLOR' env being set.
(Use `node --trace-warnings ...` to show where the warning was created)
(node:424) Warning: The 'NO_COLOR' env is ignored due to the 'FORCE_COLOR' env being set.
(Use `node --trace-warnings ...` to show where the warning was created)
F(node:438) Warning: The 'NO_COLOR' env is ignored due to the 'FORCE_COLOR' env being set.
(Use `node --trace-warnings ...` to show where the warning was created)
(node:438) Warning: The 'NO_COLOR' env is ignored due to the 'FORCE_COLOR' env being set.
(Use `node --trace-warnings ...` to show where the warning was created)
F(node:452) Warning: The 'NO_COLOR' env is ignored due to the 'FORCE_COLOR' env being set.
(Use `node --trace-warnings ...` to show where the warning was created)
(node:452) Warning: The 'NO_COLOR' env is ignored due to the 'FORCE_COLOR' env being set.
(Use `node --trace-warnings ...` to show where the warning was created)
F(node:466) Warning: The 'NO_COLOR' env is ignored due to the 'FORCE_COLOR' env being set.
(Use `node --trace-warnings ...` to show where the warning was created)
(node:466) Warning: The 'NO_COLOR' env is ignored due to the 'FORCE_COLOR' env being set.
(Use `node --trace-warnings ...` to show where the warning was created)
F(node:480) Warning: The 'NO_COLOR' env is ignored due to the 'FORCE_COLOR' env being set.
(Use `node --trace-warnings ...` to show where the warning was created)
(node:480) Warning: The 'NO_COLOR' env is ignored due to the 'FORCE_COLOR' env being set.
(Use `node --trace-warnings ...` to show where the warning was created)
F(node:494) Warning: The 'NO_COLOR' env is ignored due to the 'FORCE_COLOR' env being set.
(Use `node --trace-warnings ...` to show where the warning was created)
(node:494) Warning: The 'NO_COLOR' env is ignored due to the 'FORCE_COLOR' env being set.
(Use `node --trace-warnings ...` to show where the warning was created)
F(node:508) Warning: The 'NO_COLOR' env is ignored due to the 'FORCE_COLOR' env being set.
(Use `node --trace-warnings ...` to show where the warning was created)
(node:508) Warning: The 'NO_COLOR' env is ignored due to the 'FORCE_COLOR' env being set.
(Use `node --trace-warnings ...` to show where the warning was created)
F(node:522) Warning: The 'NO_COLOR' env is ignored due to the 'FORCE_COLOR' env being set.
(Use `node --trace-warnings ...` to show where the warning was created)
(node:522) Warning: The 'NO_COLOR' env is ignored due to the 'FORCE_COLOR' env being set.
(Use `node --trace-warnings ...` to show where the warning was created)
F(node:536) Warning: The 'NO_COLOR' env is ignored due to the 'FORCE_COLOR' env being set.
(Use `node --trace-warnings ...` to show where the warning was created)
(node:536) Warning: The 'NO_COLOR' env is ignored due to the 'FORCE_COLOR' env being set.
(Use `node --trace-warnings ...` to show where the warning was created)
F(node:550) Warning: The 'NO_COLOR' env is ignored due to the 'FORCE_COLOR' env being set.
(Use `node --trace-warnings ...` to show where the warning was created)
(node:550) Warning: The 'NO_COLOR' env is ignored due to the 'FORCE_COLOR' env being set.
(Use `node --trace-warnings ...` to show where the warning was created)
F(node:564) Warning: The 'NO_COLOR' env is ignored due to the 'FORCE_COLOR' env being set.
(Use `node --trace-warnings ...` to show where the warning was created)
(node:564) Warning: The 'NO_COLOR' env is ignored due to the 'FORCE_COLOR' env being set.
(Use `node --trace-warnings ...` to show where the warning was created)
F(node:578) Warning: The 'NO_COLOR' env is ignored due to the 'FORCE_COLOR' env being set.
(Use `node --trace-warnings ...` to show where the warning was created)
(node:578) Warning: The 'NO_COLOR' env is ignored due to the 'FORCE_COLOR' env being set.
(Use `node --trace-warnings ...` to show where the warning was created)
F(node:592) Warning: The 'NO_COLOR' env is ignored due to the 'FORCE_COLOR' env being set.
(Use `node --trace-warnings ...` to show where the warning was created)
(node:592) Warning: The 'NO_COLOR' env is ignored due to the 'FORCE_COLOR' env being set.
(Use `node --trace-warnings ...` to show where the warning was created)
F(node:606) Warning: The 'NO_COLOR' env is ignored due to the 'FORCE_COLOR' env being set.
(Use `node --trace-warnings ...` to show where the warning was created)
(node:606) Warning: The 'NO_COLOR' env is ignored due to the 'FORCE_COLOR' env being set.
(Use `node --trace-warnings ...` to show where the warning was created)
F(node:620) Warning: The 'NO_COLOR' env is ignored due to the 'FORCE_COLOR' env being set.
(Use `node --trace-warnings ...` to show where the warning was created)
(node:620) Warning: The 'NO_COLOR' env is ignored due to the 'FORCE_COLOR' env being set.
(Use `node --trace-warnings ...` to show where the warning was created)
F(node:634) Warning: The 'NO_COLOR' env is ignored due to the 'FORCE_COLOR' env being set.
(Use `node --trace-warnings ...` to show where the warning was created)
(node:634) Warning: The 'NO_COLOR' env is ignored due to the 'FORCE_COLOR' env being set.
(Use `node --trace-warnings ...` to show where the warning was created)
F

  1) tests/browser/game.spec.js:28:1 › production prefix loads assets; real click captures mouse; shooting, reload and pause work 

    Error: browserType.launch: Target page, context or browser has been closed
    Browser logs:

    <launching> /tmp/chromium --disable-field-trial-config --disable-background-networking --disable-background-timer-throttling --disable-backgrounding-occluded-windows --disable-back-forward-cache --disable-breakpad --disable-client-side-phishing-detection --disable-component-extensions-with-background-pages --disable-component-update --no-default-browser-check --disable-default-apps --disable-dev-shm-usage --disable-extensions --disable-features=AvoidUnnecessaryBeforeUnloadCheckSync,BoundaryEventDispatchTracksNodeRemoval,DestroyProfileOnBrowserClose,DialMediaRouteProvider,GlobalMediaControls,HttpsUpgrades,LensOverlay,MediaRouter,PaintHolding,ThirdPartyStoragePartitioning,Translate,AutoDeElevate,RenderDocument,OptimizationHints --enable-features=CDPScreenshotNewSurface --allow-pre-commit-input --disable-hang-monitor --disable-ipc-flooding-protection --disable-popup-blocking --disable-prompt-on-repost --disable-renderer-backgrounding --force-color-profile=srgb --metrics-recording-only --no-first-run --password-store=basic --use-mock-keychain --no-service-autorun --export-tagged-pdf --disable-search-engine-choice-screen --unsafely-disable-devtools-self-xss-warnings --edge-skip-compat-layer-relaunch --enable-automation --disable-infobars --disable-search-engine-choice-screen --disable-sync --enable-unsafe-swiftshader --headless --hide-scrollbars --mute-audio --blink-settings=primaryHoverType=2,availableHoverTypes=2,primaryPointerType=4,availablePointerTypes=4 --no-sandbox --no-sandbox --disable-dev-shm-usage --use-gl=angle --use-angle=swiftshader --enable-unsafe-swiftshader --user-data-dir=/tmp/playwright_chromiumdev_profile-H732Mi --remote-debugging-pipe --no-startup-window
    <launched> pid=143
    Call log:
    [2m  - <launching> /tmp/chromium --disable-field-trial-config --disable-background-networking --disable-background-timer-throttling --disable-backgrounding-occluded-windows --disable-back-forward-cache --disable-breakpad --disable-client-side-phishing-detection --disable-component-extensions-with-background-pages --disable-component-update --no-default-browser-check --disable-default-apps --disable-dev-shm-usage --disable-extensions --disable-features=AvoidUnnecessaryBeforeUnloadCheckSync,BoundaryEventDispatchTracksNodeRemoval,DestroyProfileOnBrowserClose,DialMediaRouteProvider,GlobalMediaControls,HttpsUpgrades,LensOverlay,MediaRouter,PaintHolding,ThirdPartyStoragePartitioning,Translate,AutoDeElevate,RenderDocument,OptimizationHints --enable-features=CDPScreenshotNewSurface --allow-pre-commit-input --disable-hang-monitor --disable-ipc-flooding-protection --disable-popup-blocking --disable-prompt-on-repost --disable-renderer-backgrounding --force-color-profile=srgb --metrics-recording-only --no-first-run --password-store=basic --use-mock-keychain --no-service-autorun --export-tagged-pdf --disable-search-engine-choice-screen --unsafely-disable-devtools-self-xss-warnings --edge-skip-compat-layer-relaunch --enable-automation --disable-infobars --disable-search-engine-choice-screen --disable-sync --enable-unsafe-swiftshader --headless --hide-scrollbars --mute-audio --blink-settings=primaryHoverType=2,availableHoverTypes=2,primaryPointerType=4,availablePointerTypes=4 --no-sandbox --no-sandbox --disable-dev-shm-usage --use-gl=angle --use-angle=swiftshader --enable-unsafe-swiftshader --user-data-dir=/tmp/playwright_chromiumdev_profile-H732Mi --remote-debugging-pipe --no-startup-window[22m
    [2m  - <launched> pid=143[22m
    [2m  - [pid=143] <gracefully close start>[22m
    [2m  - [pid=143] <kill>[22m
    [2m  - [pid=143] <will force kill>[22m
    [2m  - [pid=143] exception while trying to kill process: Error: kill ESRCH[22m
    [2m  - [pid=143] <process did exit: exitCode=0, signal=null>[22m
    [2m  - [pid=143] starting temporary directories cleanup[22m
    [2m  - [pid=143] finished temporary directories cleanup[22m
    [2m  - [pid=143] <gracefully close end>[22m


    attachment #1: trace (application/zip) ─────────────────────────────────────────────────────────
    test-results/game-production-prefix-loa-a150d-oting-reload-and-pause-work/trace.zip
    Usage:

        npx playwright show-trace test-results/game-production-prefix-loa-a150d-oting-reload-and-pause-work/trace.zip

    ────────────────────────────────────────────────────────────────────────────────────────────────

  2) tests/browser/game.spec.js:68:1 › real keyboard movement reaches and stores checkpoint; restart and page reload restore it 

    Error: browserType.launch: Target page, context or browser has been closed
    Browser logs:

    <launching> /tmp/chromium --disable-field-trial-config --disable-background-networking --disable-background-timer-throttling --disable-backgrounding-occluded-windows --disable-back-forward-cache --disable-breakpad --disable-client-side-phishing-detection --disable-component-extensions-with-background-pages --disable-component-update --no-default-browser-check --disable-default-apps --disable-dev-shm-usage --disable-extensions --disable-features=AvoidUnnecessaryBeforeUnloadCheckSync,BoundaryEventDispatchTracksNodeRemoval,DestroyProfileOnBrowserClose,DialMediaRouteProvider,GlobalMediaControls,HttpsUpgrades,LensOverlay,MediaRouter,PaintHolding,ThirdPartyStoragePartitioning,Translate,AutoDeElevate,RenderDocument,OptimizationHints --enable-features=CDPScreenshotNewSurface --allow-pre-commit-input --disable-hang-monitor --disable-ipc-flooding-protection --disable-popup-blocking --disable-prompt-on-repost --disable-renderer-backgrounding --force-color-profile=srgb --metrics-recording-only --no-first-run --password-store=basic --use-mock-keychain --no-service-autorun --export-tagged-pdf --disable-search-engine-choice-screen --unsafely-disable-devtools-self-xss-warnings --edge-skip-compat-layer-relaunch --enable-automation --disable-infobars --disable-search-engine-choice-screen --disable-sync --enable-unsafe-swiftshader --headless --hide-scrollbars --mute-audio --blink-settings=primaryHoverType=2,availableHoverTypes=2,primaryPointerType=4,availablePointerTypes=4 --no-sandbox --no-sandbox --disable-dev-shm-usage --use-gl=angle --use-angle=swiftshader --enable-unsafe-swiftshader --user-data-dir=/tmp/playwright_chromiumdev_profile-QmmZhE --remote-debugging-pipe --no-startup-window
    <launched> pid=157
    Call log:
    [2m  - <launching> /tmp/chromium --disable-field-trial-config --disable-background-networking --disable-background-timer-throttling --disable-backgrounding-occluded-windows --disable-back-forward-cache --disable-breakpad --disable-client-side-phishing-detection --disable-component-extensions-with-background-pages --disable-component-update --no-default-browser-check --disable-default-apps --disable-dev-shm-usage --disable-extensions --disable-features=AvoidUnnecessaryBeforeUnloadCheckSync,BoundaryEventDispatchTracksNodeRemoval,DestroyProfileOnBrowserClose,DialMediaRouteProvider,GlobalMediaControls,HttpsUpgrades,LensOverlay,MediaRouter,PaintHolding,ThirdPartyStoragePartitioning,Translate,AutoDeElevate,RenderDocument,OptimizationHints --enable-features=CDPScreenshotNewSurface --allow-pre-commit-input --disable-hang-monitor --disable-ipc-flooding-protection --disable-popup-blocking --disable-prompt-on-repost --disable-renderer-backgrounding --force-color-profile=srgb --metrics-recording-only --no-first-run --password-store=basic --use-mock-keychain --no-service-autorun --export-tagged-pdf --disable-search-engine-choice-screen --unsafely-disable-devtools-self-xss-warnings --edge-skip-compat-layer-relaunch --enable-automation --disable-infobars --disable-search-engine-choice-screen --disable-sync --enable-unsafe-swiftshader --headless --hide-scrollbars --mute-audio --blink-settings=primaryHoverType=2,availableHoverTypes=2,primaryPointerType=4,availablePointerTypes=4 --no-sandbox --no-sandbox --disable-dev-shm-usage --use-gl=angle --use-angle=swiftshader --enable-unsafe-swiftshader --user-data-dir=/tmp/playwright_chromiumdev_profile-QmmZhE --remote-debugging-pipe --no-startup-window[22m
    [2m  - <launched> pid=157[22m
    [2m  - [pid=157] <gracefully close start>[22m
    [2m  - [pid=157] <kill>[22m
    [2m  - [pid=157] <will force kill>[22m
    [2m  - [pid=157] exception while trying to kill process: Error: kill ESRCH[22m
    [2m  - [pid=157] <process did exit: exitCode=0, signal=null>[22m
    [2m  - [pid=157] starting temporary directories cleanup[22m
    [2m  - [pid=157] finished temporary directories cleanup[22m
    [2m  - [pid=157] <gracefully close end>[22m


    attachment #1: trace (application/zip) ─────────────────────────────────────────────────────────
    test-results/game-real-keyboard-movemen-11676--and-page-reload-restore-it/trace.zip
    Usage:

        npx playwright show-trace test-results/game-real-keyboard-movemen-11676--and-page-reload-restore-it/trace.zip

    ────────────────────────────────────────────────────────────────────────────────────────────────

  3) tests/browser/game.spec.js:98:1 › corrupt checkpoint is explained and a new mission remains available 

    Error: browserType.launch: Target page, context or browser has been closed
    Browser logs:

    <launching> /tmp/chromium --disable-field-trial-config --disable-background-networking --disable-background-timer-throttling --disable-backgrounding-occluded-windows --disable-back-forward-cache --disable-breakpad --disable-client-side-phishing-detection --disable-component-extensions-with-background-pages --disable-component-update --no-default-browser-check --disable-default-apps --disable-dev-shm-usage --disable-extensions --disable-features=AvoidUnnecessaryBeforeUnloadCheckSync,BoundaryEventDispatchTracksNodeRemoval,DestroyProfileOnBrowserClose,DialMediaRouteProvider,GlobalMediaControls,HttpsUpgrades,LensOverlay,MediaRouter,PaintHolding,ThirdPartyStoragePartitioning,Translate,AutoDeElevate,RenderDocument,OptimizationHints --enable-features=CDPScreenshotNewSurface --allow-pre-commit-input --disable-hang-monitor --disable-ipc-flooding-protection --disable-popup-blocking --disable-prompt-on-repost --disable-renderer-backgrounding --force-color-profile=srgb --metrics-recording-only --no-first-run --password-store=basic --use-mock-keychain --no-service-autorun --export-tagged-pdf --disable-search-engine-choice-screen --unsafely-disable-devtools-self-xss-warnings --edge-skip-compat-layer-relaunch --enable-automation --disable-infobars --disable-search-engine-choice-screen --disable-sync --enable-unsafe-swiftshader --headless --hide-scrollbars --mute-audio --blink-settings=primaryHoverType=2,availableHoverTypes=2,primaryPointerType=4,availablePointerTypes=4 --no-sandbox --no-sandbox --disable-dev-shm-usage --use-gl=angle --use-angle=swiftshader --enable-unsafe-swiftshader --user-data-dir=/tmp/playwright_chromiumdev_profile-NHJLW2 --remote-debugging-pipe --no-startup-window
    <launched> pid=171
    Call log:
    [2m  - <launching> /tmp/chromium --disable-field-trial-config --disable-background-networking --disable-background-timer-throttling --disable-backgrounding-occluded-windows --disable-back-forward-cache --disable-breakpad --disable-client-side-phishing-detection --disable-component-extensions-with-background-pages --disable-component-update --no-default-browser-check --disable-default-apps --disable-dev-shm-usage --disable-extensions --disable-features=AvoidUnnecessaryBeforeUnloadCheckSync,BoundaryEventDispatchTracksNodeRemoval,DestroyProfileOnBrowserClose,DialMediaRouteProvider,GlobalMediaControls,HttpsUpgrades,LensOverlay,MediaRouter,PaintHolding,ThirdPartyStoragePartitioning,Translate,AutoDeElevate,RenderDocument,OptimizationHints --enable-features=CDPScreenshotNewSurface --allow-pre-commit-input --disable-hang-monitor --disable-ipc-flooding-protection --disable-popup-blocking --disable-prompt-on-repost --disable-renderer-backgrounding --force-color-profile=srgb --metrics-recording-only --no-first-run --password-store=basic --use-mock-keychain --no-service-autorun --export-tagged-pdf --disable-search-engine-choice-screen --unsafely-disable-devtools-self-xss-warnings --edge-skip-compat-layer-relaunch --enable-automation --disable-infobars --disable-search-engine-choice-screen --disable-sync --enable-unsafe-swiftshader --headless --hide-scrollbars --mute-audio --blink-settings=primaryHoverType=2,availableHoverTypes=2,primaryPointerType=4,availablePointerTypes=4 --no-sandbox --no-sandbox --disable-dev-shm-usage --use-gl=angle --use-angle=swiftshader --enable-unsafe-swiftshader --user-data-dir=/tmp/playwright_chromiumdev_profile-NHJLW2 --remote-debugging-pipe --no-startup-window[22m
    [2m  - <launched> pid=171[22m
    [2m  - [pid=171] <gracefully close start>[22m
    [2m  - [pid=171] <kill>[22m
    [2m  - [pid=171] <will force kill>[22m
    [2m  - [pid=171] exception while trying to kill process: Error: kill ESRCH[22m
    [2m  - [pid=171] <process did exit: exitCode=0, signal=null>[22m
    [2m  - [pid=171] starting temporary directories cleanup[22m
    [2m  - [pid=171] finished temporary directories cleanup[22m
    [2m  - [pid=171] <gracefully close end>[22m


    attachment #1: trace (application/zip) ─────────────────────────────────────────────────────────
    test-results/game-corrupt-checkpoint-is-5167f-w-mission-remains-available/trace.zip
    Usage:

        npx playwright show-trace test-results/game-corrupt-checkpoint-is-5167f-w-mission-remains-available/trace.zip

    ────────────────────────────────────────────────────────────────────────────────────────────────

  4) tests/browser/game.spec.js:106:1 › missing models are reported and procedural fallback keeps the area playable 

    Error: browserType.launch: Target page, context or browser has been closed
    Browser logs:

    <launching> /tmp/chromium --disable-field-trial-config --disable-background-networking --disable-background-timer-throttling --disable-backgrounding-occluded-windows --disable-back-forward-cache --disable-breakpad --disable-client-side-phishing-detection --disable-component-extensions-with-background-pages --disable-component-update --no-default-browser-check --disable-default-apps --disable-dev-shm-usage --disable-extensions --disable-features=AvoidUnnecessaryBeforeUnloadCheckSync,BoundaryEventDispatchTracksNodeRemoval,DestroyProfileOnBrowserClose,DialMediaRouteProvider,GlobalMediaControls,HttpsUpgrades,LensOverlay,MediaRouter,PaintHolding,ThirdPartyStoragePartitioning,Translate,AutoDeElevate,RenderDocument,OptimizationHints --enable-features=CDPScreenshotNewSurface --allow-pre-commit-input --disable-hang-monitor --disable-ipc-flooding-protection --disable-popup-blocking --disable-prompt-on-repost --disable-renderer-backgrounding --force-color-profile=srgb --metrics-recording-only --no-first-run --password-store=basic --use-mock-keychain --no-service-autorun --export-tagged-pdf --disable-search-engine-choice-screen --unsafely-disable-devtools-self-xss-warnings --edge-skip-compat-layer-relaunch --enable-automation --disable-infobars --disable-search-engine-choice-screen --disable-sync --enable-unsafe-swiftshader --headless --hide-scrollbars --mute-audio --blink-settings=primaryHoverType=2,availableHoverTypes=2,primaryPointerType=4,availablePointerTypes=4 --no-sandbox --no-sandbox --disable-dev-shm-usage --use-gl=angle --use-angle=swiftshader --enable-unsafe-swiftshader --user-data-dir=/tmp/playwright_chromiumdev_profile-BmhDuz --remote-debugging-pipe --no-startup-window
    <launched> pid=185
    Call log:
    [2m  - <launching> /tmp/chromium --disable-field-trial-config --disable-background-networking --disable-background-timer-throttling --disable-backgrounding-occluded-windows --disable-back-forward-cache --disable-breakpad --disable-client-side-phishing-detection --disable-component-extensions-with-background-pages --disable-component-update --no-default-browser-check --disable-default-apps --disable-dev-shm-usage --disable-extensions --disable-features=AvoidUnnecessaryBeforeUnloadCheckSync,BoundaryEventDispatchTracksNodeRemoval,DestroyProfileOnBrowserClose,DialMediaRouteProvider,GlobalMediaControls,HttpsUpgrades,LensOverlay,MediaRouter,PaintHolding,ThirdPartyStoragePartitioning,Translate,AutoDeElevate,RenderDocument,OptimizationHints --enable-features=CDPScreenshotNewSurface --allow-pre-commit-input --disable-hang-monitor --disable-ipc-flooding-protection --disable-popup-blocking --disable-prompt-on-repost --disable-renderer-backgrounding --force-color-profile=srgb --metrics-recording-only --no-first-run --password-store=basic --use-mock-keychain --no-service-autorun --export-tagged-pdf --disable-search-engine-choice-screen --unsafely-disable-devtools-self-xss-warnings --edge-skip-compat-layer-relaunch --enable-automation --disable-infobars --disable-search-engine-choice-screen --disable-sync --enable-unsafe-swiftshader --headless --hide-scrollbars --mute-audio --blink-settings=primaryHoverType=2,availableHoverTypes=2,primaryPointerType=4,availablePointerTypes=4 --no-sandbox --no-sandbox --disable-dev-shm-usage --use-gl=angle --use-angle=swiftshader --enable-unsafe-swiftshader --user-data-dir=/tmp/playwright_chromiumdev_profile-BmhDuz --remote-debugging-pipe --no-startup-window[22m
    [2m  - <launched> pid=185[22m
    [2m  - [pid=185] <gracefully close start>[22m
    [2m  - [pid=185] <kill>[22m
    [2m  - [pid=185] <will force kill>[22m
    [2m  - [pid=185] exception while trying to kill process: Error: kill ESRCH[22m
    [2m  - [pid=185] <process did exit: exitCode=0, signal=null>[22m
    [2m  - [pid=185] starting temporary directories cleanup[22m
    [2m  - [pid=185] finished temporary directories cleanup[22m
    [2m  - [pid=185] <gracefully close end>[22m


    attachment #1: trace (application/zip) ─────────────────────────────────────────────────────────
    test-results/game-missing-models-are-re-e2322-ack-keeps-the-area-playable/trace.zip
    Usage:

        npx playwright show-trace test-results/game-missing-models-are-re-e2322-ack-keeps-the-area-playable/trace.zip

    ────────────────────────────────────────────────────────────────────────────────────────────────

  5) tests/browser/m01-environment-quality.spec.js:2:1 › explicit visual quality survives reload and the menu agrees with the renderer 

    Error: browserType.launch: Target page, context or browser has been closed
    Browser logs:

    <launching> /tmp/chromium --disable-field-trial-config --disable-background-networking --disable-background-timer-throttling --disable-backgrounding-occluded-windows --disable-back-forward-cache --disable-breakpad --disable-client-side-phishing-detection --disable-component-extensions-with-background-pages --disable-component-update --no-default-browser-check --disable-default-apps --disable-dev-shm-usage --disable-extensions --disable-features=AvoidUnnecessaryBeforeUnloadCheckSync,BoundaryEventDispatchTracksNodeRemoval,DestroyProfileOnBrowserClose,DialMediaRouteProvider,GlobalMediaControls,HttpsUpgrades,LensOverlay,MediaRouter,PaintHolding,ThirdPartyStoragePartitioning,Translate,AutoDeElevate,RenderDocument,OptimizationHints --enable-features=CDPScreenshotNewSurface --allow-pre-commit-input --disable-hang-monitor --disable-ipc-flooding-protection --disable-popup-blocking --disable-prompt-on-repost --disable-renderer-backgrounding --force-color-profile=srgb --metrics-recording-only --no-first-run --password-store=basic --use-mock-keychain --no-service-autorun --export-tagged-pdf --disable-search-engine-choice-screen --unsafely-disable-devtools-self-xss-warnings --edge-skip-compat-layer-relaunch --enable-automation --disable-infobars --disable-search-engine-choice-screen --disable-sync --enable-unsafe-swiftshader --headless --hide-scrollbars --mute-audio --blink-settings=primaryHoverType=2,availableHoverTypes=2,primaryPointerType=4,availablePointerTypes=4 --no-sandbox --no-sandbox --disable-dev-shm-usage --use-gl=angle --use-angle=swiftshader --enable-unsafe-swiftshader --user-data-dir=/tmp/playwright_chromiumdev_profile-zc5vAV --remote-debugging-pipe --no-startup-window
    <launched> pid=199
    Call log:
    [2m  - <launching> /tmp/chromium --disable-field-trial-config --disable-background-networking --disable-background-timer-throttling --disable-backgrounding-occluded-windows --disable-back-forward-cache --disable-breakpad --disable-client-side-phishing-detection --disable-component-extensions-with-background-pages --disable-component-update --no-default-browser-check --disable-default-apps --disable-dev-shm-usage --disable-extensions --disable-features=AvoidUnnecessaryBeforeUnloadCheckSync,BoundaryEventDispatchTracksNodeRemoval,DestroyProfileOnBrowserClose,DialMediaRouteProvider,GlobalMediaControls,HttpsUpgrades,LensOverlay,MediaRouter,PaintHolding,ThirdPartyStoragePartitioning,Translate,AutoDeElevate,RenderDocument,OptimizationHints --enable-features=CDPScreenshotNewSurface --allow-pre-commit-input --disable-hang-monitor --disable-ipc-flooding-protection --disable-popup-blocking --disable-prompt-on-repost --disable-renderer-backgrounding --force-color-profile=srgb --metrics-recording-only --no-first-run --password-store=basic --use-mock-keychain --no-service-autorun --export-tagged-pdf --disable-search-engine-choice-screen --unsafely-disable-devtools-self-xss-warnings --edge-skip-compat-layer-relaunch --enable-automation --disable-infobars --disable-search-engine-choice-screen --disable-sync --enable-unsafe-swiftshader --headless --hide-scrollbars --mute-audio --blink-settings=primaryHoverType=2,availableHoverTypes=2,primaryPointerType=4,availablePointerTypes=4 --no-sandbox --no-sandbox --disable-dev-shm-usage --use-gl=angle --use-angle=swiftshader --enable-unsafe-swiftshader --user-data-dir=/tmp/playwright_chromiumdev_profile-zc5vAV --remote-debugging-pipe --no-startup-window[22m
    [2m  - <launched> pid=199[22m
    [2m  - [pid=199] <gracefully close start>[22m
    [2m  - [pid=199] <kill>[22m
    [2m  - [pid=199] <will force kill>[22m
    [2m  - [pid=199] exception while trying to kill process: Error: kill ESRCH[22m
    [2m  - [pid=199] <process did exit: exitCode=0, signal=null>[22m
    [2m  - [pid=199] starting temporary directories cleanup[22m
    [2m  - [pid=199] finished temporary directories cleanup[22m
    [2m  - [pid=199] <gracefully close end>[22m


    attachment #1: trace (application/zip) ─────────────────────────────────────────────────────────
    test-results/m01-environment-quality-ex-cbfd1-nu-agrees-with-the-renderer/trace.zip
    Usage:

        npx playwright show-trace test-results/m01-environment-quality-ex-cbfd1-nu-agrees-with-the-renderer/trace.zip

    ────────────────────────────────────────────────────────────────────────────────────────────────

  6) tests/browser/m01-mg34-prone.spec.js:24:28 › real MG34 prone save after shot 1: production continuation, real muzzle, pause and reload 

    Error: browserType.launch: Target page, context or browser has been closed
    Browser logs:

    <launching> /tmp/chromium --disable-field-trial-config --disable-background-networking --disable-background-timer-throttling --disable-backgrounding-occluded-windows --disable-back-forward-cache --disable-breakpad --disable-client-side-phishing-detection --disable-component-extensions-with-background-pages --disable-component-update --no-default-browser-check --disable-default-apps --disable-dev-shm-usage --disable-extensions --disable-features=AvoidUnnecessaryBeforeUnloadCheckSync,BoundaryEventDispatchTracksNodeRemoval,DestroyProfileOnBrowserClose,DialMediaRouteProvider,GlobalMediaControls,HttpsUpgrades,LensOverlay,MediaRouter,PaintHolding,ThirdPartyStoragePartitioning,Translate,AutoDeElevate,RenderDocument,OptimizationHints --enable-features=CDPScreenshotNewSurface --allow-pre-commit-input --disable-hang-monitor --disable-ipc-flooding-protection --disable-popup-blocking --disable-prompt-on-repost --disable-renderer-backgrounding --force-color-profile=srgb --metrics-recording-only --no-first-run --password-store=basic --use-mock-keychain --no-service-autorun --export-tagged-pdf --disable-search-engine-choice-screen --unsafely-disable-devtools-self-xss-warnings --edge-skip-compat-layer-relaunch --enable-automation --disable-infobars --disable-search-engine-choice-screen --disable-sync --enable-unsafe-swiftshader --headless --hide-scrollbars --mute-audio --blink-settings=primaryHoverType=2,availableHoverTypes=2,primaryPointerType=4,availablePointerTypes=4 --no-sandbox --no-sandbox --disable-dev-shm-usage --use-gl=angle --use-angle=swiftshader --enable-unsafe-swiftshader --user-data-dir=/tmp/playwright_chromiumdev_profile-j99o3e --remote-debugging-pipe --no-startup-window
    <launched> pid=213
    Call log:
    [2m  - <launching> /tmp/chromium --disable-field-trial-config --disable-background-networking --disable-background-timer-throttling --disable-backgrounding-occluded-windows --disable-back-forward-cache --disable-breakpad --disable-client-side-phishing-detection --disable-component-extensions-with-background-pages --disable-component-update --no-default-browser-check --disable-default-apps --disable-dev-shm-usage --disable-extensions --disable-features=AvoidUnnecessaryBeforeUnloadCheckSync,BoundaryEventDispatchTracksNodeRemoval,DestroyProfileOnBrowserClose,DialMediaRouteProvider,GlobalMediaControls,HttpsUpgrades,LensOverlay,MediaRouter,PaintHolding,ThirdPartyStoragePartitioning,Translate,AutoDeElevate,RenderDocument,OptimizationHints --enable-features=CDPScreenshotNewSurface --allow-pre-commit-input --disable-hang-monitor --disable-ipc-flooding-protection --disable-popup-blocking --disable-prompt-on-repost --disable-renderer-backgrounding --force-color-profile=srgb --metrics-recording-only --no-first-run --password-store=basic --use-mock-keychain --no-service-autorun --export-tagged-pdf --disable-search-engine-choice-screen --unsafely-disable-devtools-self-xss-warnings --edge-skip-compat-layer-relaunch --enable-automation --disable-infobars --disable-search-engine-choice-screen --disable-sync --enable-unsafe-swiftshader --headless --hide-scrollbars --mute-audio --blink-settings=primaryHoverType=2,availableHoverTypes=2,primaryPointerType=4,availablePointerTypes=4 --no-sandbox --no-sandbox --disable-dev-shm-usage --use-gl=angle --use-angle=swiftshader --enable-unsafe-swiftshader --user-data-dir=/tmp/playwright_chromiumdev_profile-j99o3e --remote-debugging-pipe --no-startup-window[22m
    [2m  - <launched> pid=213[22m
    [2m  - [pid=213] <gracefully close start>[22m
    [2m  - [pid=213] <kill>[22m
    [2m  - [pid=213] <will force kill>[22m
    [2m  - [pid=213] exception while trying to kill process: Error: kill ESRCH[22m
    [2m  - [pid=213] <process did exit: exitCode=0, signal=null>[22m
    [2m  - [pid=213] starting temporary directories cleanup[22m
    [2m  - [pid=213] finished temporary directories cleanup[22m
    [2m  - [pid=213] <gracefully close end>[22m


    attachment #1: trace (application/zip) ─────────────────────────────────────────────────────────
    test-results/m01-mg34-prone-real-MG34-p-b2a98-eal-muzzle-pause-and-reload/trace.zip
    Usage:

        npx playwright show-trace test-results/m01-mg34-prone-real-MG34-p-b2a98-eal-muzzle-pause-and-reload/trace.zip

    ────────────────────────────────────────────────────────────────────────────────────────────────

  7) tests/browser/m01-mg34-prone.spec.js:24:28 › real MG34 prone save after shot 4: production continuation, real muzzle, pause and reload 

    Error: browserType.launch: Target page, context or browser has been closed
    Browser logs:

    <launching> /tmp/chromium --disable-field-trial-config --disable-background-networking --disable-background-timer-throttling --disable-backgrounding-occluded-windows --disable-back-forward-cache --disable-breakpad --disable-client-side-phishing-detection --disable-component-extensions-with-background-pages --disable-component-update --no-default-browser-check --disable-default-apps --disable-dev-shm-usage --disable-extensions --disable-features=AvoidUnnecessaryBeforeUnloadCheckSync,BoundaryEventDispatchTracksNodeRemoval,DestroyProfileOnBrowserClose,DialMediaRouteProvider,GlobalMediaControls,HttpsUpgrades,LensOverlay,MediaRouter,PaintHolding,ThirdPartyStoragePartitioning,Translate,AutoDeElevate,RenderDocument,OptimizationHints --enable-features=CDPScreenshotNewSurface --allow-pre-commit-input --disable-hang-monitor --disable-ipc-flooding-protection --disable-popup-blocking --disable-prompt-on-repost --disable-renderer-backgrounding --force-color-profile=srgb --metrics-recording-only --no-first-run --password-store=basic --use-mock-keychain --no-service-autorun --export-tagged-pdf --disable-search-engine-choice-screen --unsafely-disable-devtools-self-xss-warnings --edge-skip-compat-layer-relaunch --enable-automation --disable-infobars --disable-search-engine-choice-screen --disable-sync --enable-unsafe-swiftshader --headless --hide-scrollbars --mute-audio --blink-settings=primaryHoverType=2,availableHoverTypes=2,primaryPointerType=4,availablePointerTypes=4 --no-sandbox --no-sandbox --disable-dev-shm-usage --use-gl=angle --use-angle=swiftshader --enable-unsafe-swiftshader --user-data-dir=/tmp/playwright_chromiumdev_profile-M3zMs9 --remote-debugging-pipe --no-startup-window
    <launched> pid=227
    Call log:
    [2m  - <launching> /tmp/chromium --disable-field-trial-config --disable-background-networking --disable-background-timer-throttling --disable-backgrounding-occluded-windows --disable-back-forward-cache --disable-breakpad --disable-client-side-phishing-detection --disable-component-extensions-with-background-pages --disable-component-update --no-default-browser-check --disable-default-apps --disable-dev-shm-usage --disable-extensions --disable-features=AvoidUnnecessaryBeforeUnloadCheckSync,BoundaryEventDispatchTracksNodeRemoval,DestroyProfileOnBrowserClose,DialMediaRouteProvider,GlobalMediaControls,HttpsUpgrades,LensOverlay,MediaRouter,PaintHolding,ThirdPartyStoragePartitioning,Translate,AutoDeElevate,RenderDocument,OptimizationHints --enable-features=CDPScreenshotNewSurface --allow-pre-commit-input --disable-hang-monitor --disable-ipc-flooding-protection --disable-popup-blocking --disable-prompt-on-repost --disable-renderer-backgrounding --force-color-profile=srgb --metrics-recording-only --no-first-run --password-store=basic --use-mock-keychain --no-service-autorun --export-tagged-pdf --disable-search-engine-choice-screen --unsafely-disable-devtools-self-xss-warnings --edge-skip-compat-layer-relaunch --enable-automation --disable-infobars --disable-search-engine-choice-screen --disable-sync --enable-unsafe-swiftshader --headless --hide-scrollbars --mute-audio --blink-settings=primaryHoverType=2,availableHoverTypes=2,primaryPointerType=4,availablePointerTypes=4 --no-sandbox --no-sandbox --disable-dev-shm-usage --use-gl=angle --use-angle=swiftshader --enable-unsafe-swiftshader --user-data-dir=/tmp/playwright_chromiumdev_profile-M3zMs9 --remote-debugging-pipe --no-startup-window[22m
    [2m  - <launched> pid=227[22m
    [2m  - [pid=227] <gracefully close start>[22m
    [2m  - [pid=227] <kill>[22m
    [2m  - [pid=227] <will force kill>[22m
    [2m  - [pid=227] exception while trying to kill process: Error: kill ESRCH[22m
    [2m  - [pid=227] <process did exit: exitCode=0, signal=null>[22m
    [2m  - [pid=227] starting temporary directories cleanup[22m
    [2m  - [pid=227] finished temporary directories cleanup[22m
    [2m  - [pid=227] <gracefully close end>[22m


    attachment #1: trace (application/zip) ─────────────────────────────────────────────────────────
    test-results/m01-mg34-prone-real-MG34-p-447b5-eal-muzzle-pause-and-reload/trace.zip
    Usage:

        npx playwright show-trace test-results/m01-mg34-prone-real-MG34-p-447b5-eal-muzzle-pause-and-reload/trace.zip

    ────────────────────────────────────────────────────────────────────────────────────────────────

  8) tests/browser/m01-mg34-prone.spec.js:24:28 › real MG34 prone save after shot 6: production continuation, real muzzle, pause and reload 

    Error: browserType.launch: Target page, context or browser has been closed
    Browser logs:

    <launching> /tmp/chromium --disable-field-trial-config --disable-background-networking --disable-background-timer-throttling --disable-backgrounding-occluded-windows --disable-back-forward-cache --disable-breakpad --disable-client-side-phishing-detection --disable-component-extensions-with-background-pages --disable-component-update --no-default-browser-check --disable-default-apps --disable-dev-shm-usage --disable-extensions --disable-features=AvoidUnnecessaryBeforeUnloadCheckSync,BoundaryEventDispatchTracksNodeRemoval,DestroyProfileOnBrowserClose,DialMediaRouteProvider,GlobalMediaControls,HttpsUpgrades,LensOverlay,MediaRouter,PaintHolding,ThirdPartyStoragePartitioning,Translate,AutoDeElevate,RenderDocument,OptimizationHints --enable-features=CDPScreenshotNewSurface --allow-pre-commit-input --disable-hang-monitor --disable-ipc-flooding-protection --disable-popup-blocking --disable-prompt-on-repost --disable-renderer-backgrounding --force-color-profile=srgb --metrics-recording-only --no-first-run --password-store=basic --use-mock-keychain --no-service-autorun --export-tagged-pdf --disable-search-engine-choice-screen --unsafely-disable-devtools-self-xss-warnings --edge-skip-compat-layer-relaunch --enable-automation --disable-infobars --disable-search-engine-choice-screen --disable-sync --enable-unsafe-swiftshader --headless --hide-scrollbars --mute-audio --blink-settings=primaryHoverType=2,availableHoverTypes=2,primaryPointerType=4,availablePointerTypes=4 --no-sandbox --no-sandbox --disable-dev-shm-usage --use-gl=angle --use-angle=swiftshader --enable-unsafe-swiftshader --user-data-dir=/tmp/playwright_chromiumdev_profile-eR9ol9 --remote-debugging-pipe --no-startup-window
    <launched> pid=241
    Call log:
    [2m  - <launching> /tmp/chromium --disable-field-trial-config --disable-background-networking --disable-background-timer-throttling --disable-backgrounding-occluded-windows --disable-back-forward-cache --disable-breakpad --disable-client-side-phishing-detection --disable-component-extensions-with-background-pages --disable-component-update --no-default-browser-check --disable-default-apps --disable-dev-shm-usage --disable-extensions --disable-features=AvoidUnnecessaryBeforeUnloadCheckSync,BoundaryEventDispatchTracksNodeRemoval,DestroyProfileOnBrowserClose,DialMediaRouteProvider,GlobalMediaControls,HttpsUpgrades,LensOverlay,MediaRouter,PaintHolding,ThirdPartyStoragePartitioning,Translate,AutoDeElevate,RenderDocument,OptimizationHints --enable-features=CDPScreenshotNewSurface --allow-pre-commit-input --disable-hang-monitor --disable-ipc-flooding-protection --disable-popup-blocking --disable-prompt-on-repost --disable-renderer-backgrounding --force-color-profile=srgb --metrics-recording-only --no-first-run --password-store=basic --use-mock-keychain --no-service-autorun --export-tagged-pdf --disable-search-engine-choice-screen --unsafely-disable-devtools-self-xss-warnings --edge-skip-compat-layer-relaunch --enable-automation --disable-infobars --disable-search-engine-choice-screen --disable-sync --enable-unsafe-swiftshader --headless --hide-scrollbars --mute-audio --blink-settings=primaryHoverType=2,availableHoverTypes=2,primaryPointerType=4,availablePointerTypes=4 --no-sandbox --no-sandbox --disable-dev-shm-usage --use-gl=angle --use-angle=swiftshader --enable-unsafe-swiftshader --user-data-dir=/tmp/playwright_chromiumdev_profile-eR9ol9 --remote-debugging-pipe --no-startup-window[22m
    [2m  - <launched> pid=241[22m
    [2m  - [pid=241] <gracefully close start>[22m
    [2m  - [pid=241] <kill>[22m
    [2m  - [pid=241] <will force kill>[22m
    [2m  - [pid=241] exception while trying to kill process: Error: kill ESRCH[22m
    [2m  - [pid=241] <process did exit: exitCode=0, signal=null>[22m
    [2m  - [pid=241] starting temporary directories cleanup[22m
    [2m  - [pid=241] finished temporary directories cleanup[22m
    [2m  - [pid=241] <gracefully close end>[22m


    attachment #1: trace (application/zip) ─────────────────────────────────────────────────────────
    test-results/m01-mg34-prone-real-MG34-p-e0507-eal-muzzle-pause-and-reload/trace.zip
    Usage:

        npx playwright show-trace test-results/m01-mg34-prone-real-MG34-p-e0507-eal-muzzle-pause-and-reload/trace.zip

    ────────────────────────────────────────────────────────────────────────────────────────────────

  9) tests/browser/m01-mg34-prone.spec.js:42:1 › missing optional prone GLB keeps real MG34 gameplay and procedural low posture 

    Error: browserType.launch: Target page, context or browser has been closed
    Browser logs:

    <launching> /tmp/chromium --disable-field-trial-config --disable-background-networking --disable-background-timer-throttling --disable-backgrounding-occluded-windows --disable-back-forward-cache --disable-breakpad --disable-client-side-phishing-detection --disable-component-extensions-with-background-pages --disable-component-update --no-default-browser-check --disable-default-apps --disable-dev-shm-usage --disable-extensions --disable-features=AvoidUnnecessaryBeforeUnloadCheckSync,BoundaryEventDispatchTracksNodeRemoval,DestroyProfileOnBrowserClose,DialMediaRouteProvider,GlobalMediaControls,HttpsUpgrades,LensOverlay,MediaRouter,PaintHolding,ThirdPartyStoragePartitioning,Translate,AutoDeElevate,RenderDocument,OptimizationHints --enable-features=CDPScreenshotNewSurface --allow-pre-commit-input --disable-hang-monitor --disable-ipc-flooding-protection --disable-popup-blocking --disable-prompt-on-repost --disable-renderer-backgrounding --force-color-profile=srgb --metrics-recording-only --no-first-run --password-store=basic --use-mock-keychain --no-service-autorun --export-tagged-pdf --disable-search-engine-choice-screen --unsafely-disable-devtools-self-xss-warnings --edge-skip-compat-layer-relaunch --enable-automation --disable-infobars --disable-search-engine-choice-screen --disable-sync --enable-unsafe-swiftshader --headless --hide-scrollbars --mute-audio --blink-settings=primaryHoverType=2,availableHoverTypes=2,primaryPointerType=4,availablePointerTypes=4 --no-sandbox --no-sandbox --disable-dev-shm-usage --use-gl=angle --use-angle=swiftshader --enable-unsafe-swiftshader --user-data-dir=/tmp/playwright_chromiumdev_profile-yYisqe --remote-debugging-pipe --no-startup-window
    <launched> pid=255
    Call log:
    [2m  - <launching> /tmp/chromium --disable-field-trial-config --disable-background-networking --disable-background-timer-throttling --disable-backgrounding-occluded-windows --disable-back-forward-cache --disable-breakpad --disable-client-side-phishing-detection --disable-component-extensions-with-background-pages --disable-component-update --no-default-browser-check --disable-default-apps --disable-dev-shm-usage --disable-extensions --disable-features=AvoidUnnecessaryBeforeUnloadCheckSync,BoundaryEventDispatchTracksNodeRemoval,DestroyProfileOnBrowserClose,DialMediaRouteProvider,GlobalMediaControls,HttpsUpgrades,LensOverlay,MediaRouter,PaintHolding,ThirdPartyStoragePartitioning,Translate,AutoDeElevate,RenderDocument,OptimizationHints --enable-features=CDPScreenshotNewSurface --allow-pre-commit-input --disable-hang-monitor --disable-ipc-flooding-protection --disable-popup-blocking --disable-prompt-on-repost --disable-renderer-backgrounding --force-color-profile=srgb --metrics-recording-only --no-first-run --password-store=basic --use-mock-keychain --no-service-autorun --export-tagged-pdf --disable-search-engine-choice-screen --unsafely-disable-devtools-self-xss-warnings --edge-skip-compat-layer-relaunch --enable-automation --disable-infobars --disable-search-engine-choice-screen --disable-sync --enable-unsafe-swiftshader --headless --hide-scrollbars --mute-audio --blink-settings=primaryHoverType=2,availableHoverTypes=2,primaryPointerType=4,availablePointerTypes=4 --no-sandbox --no-sandbox --disable-dev-shm-usage --use-gl=angle --use-angle=swiftshader --enable-unsafe-swiftshader --user-data-dir=/tmp/playwright_chromiumdev_profile-yYisqe --remote-debugging-pipe --no-startup-window[22m
    [2m  - <launched> pid=255[22m
    [2m  - [pid=255] <gracefully close start>[22m
    [2m  - [pid=255] <kill>[22m
    [2m  - [pid=255] <will force kill>[22m
    [2m  - [pid=255] exception while trying to kill process: Error: kill ESRCH[22m
    [2m  - [pid=255] <process did exit: exitCode=0, signal=null>[22m
    [2m  - [pid=255] starting temporary directories cleanup[22m
    [2m  - [pid=255] finished temporary directories cleanup[22m
    [2m  - [pid=255] <gracefully close end>[22m


    attachment #1: trace (application/zip) ─────────────────────────────────────────────────────────
    test-results/m01-mg34-prone-missing-opt-510cf--and-procedural-low-posture/trace.zip
    Usage:

        npx playwright show-trace test-results/m01-mg34-prone-missing-opt-510cf--and-procedural-low-posture/trace.zip

    ────────────────────────────────────────────────────────────────────────────────────────────────

  10) tests/browser/m01.spec.js:38:1 › M01 loads the nine bridge LODs; real controls operate bolt, clip, sight, aiming, pause and CP-A 

    Error: browserType.launch: Target page, context or browser has been closed
    Browser logs:

    <launching> /tmp/chromium --disable-field-trial-config --disable-background-networking --disable-background-timer-throttling --disable-backgrounding-occluded-windows --disable-back-forward-cache --disable-breakpad --disable-client-side-phishing-detection --disable-component-extensions-with-background-pages --disable-component-update --no-default-browser-check --disable-default-apps --disable-dev-shm-usage --disable-extensions --disable-features=AvoidUnnecessaryBeforeUnloadCheckSync,BoundaryEventDispatchTracksNodeRemoval,DestroyProfileOnBrowserClose,DialMediaRouteProvider,GlobalMediaControls,HttpsUpgrades,LensOverlay,MediaRouter,PaintHolding,ThirdPartyStoragePartitioning,Translate,AutoDeElevate,RenderDocument,OptimizationHints --enable-features=CDPScreenshotNewSurface --allow-pre-commit-input --disable-hang-monitor --disable-ipc-flooding-protection --disable-popup-blocking --disable-prompt-on-repost --disable-renderer-backgrounding --force-color-profile=srgb --metrics-recording-only --no-first-run --password-store=basic --use-mock-keychain --no-service-autorun --export-tagged-pdf --disable-search-engine-choice-screen --unsafely-disable-devtools-self-xss-warnings --edge-skip-compat-layer-relaunch --enable-automation --disable-infobars --disable-search-engine-choice-screen --disable-sync --enable-unsafe-swiftshader --headless --hide-scrollbars --mute-audio --blink-settings=primaryHoverType=2,availableHoverTypes=2,primaryPointerType=4,availablePointerTypes=4 --no-sandbox --no-sandbox --disable-dev-shm-usage --use-gl=angle --use-angle=swiftshader --enable-unsafe-swiftshader --user-data-dir=/tmp/playwright_chromiumdev_profile-dlMTLC --remote-debugging-pipe --no-startup-window
    <launched> pid=269
    Call log:
    [2m  - <launching> /tmp/chromium --disable-field-trial-config --disable-background-networking --disable-background-timer-throttling --disable-backgrounding-occluded-windows --disable-back-forward-cache --disable-breakpad --disable-client-side-phishing-detection --disable-component-extensions-with-background-pages --disable-component-update --no-default-browser-check --disable-default-apps --disable-dev-shm-usage --disable-extensions --disable-features=AvoidUnnecessaryBeforeUnloadCheckSync,BoundaryEventDispatchTracksNodeRemoval,DestroyProfileOnBrowserClose,DialMediaRouteProvider,GlobalMediaControls,HttpsUpgrades,LensOverlay,MediaRouter,PaintHolding,ThirdPartyStoragePartitioning,Translate,AutoDeElevate,RenderDocument,OptimizationHints --enable-features=CDPScreenshotNewSurface --allow-pre-commit-input --disable-hang-monitor --disable-ipc-flooding-protection --disable-popup-blocking --disable-prompt-on-repost --disable-renderer-backgrounding --force-color-profile=srgb --metrics-recording-only --no-first-run --password-store=basic --use-mock-keychain --no-service-autorun --export-tagged-pdf --disable-search-engine-choice-screen --unsafely-disable-devtools-self-xss-warnings --edge-skip-compat-layer-relaunch --enable-automation --disable-infobars --disable-search-engine-choice-screen --disable-sync --enable-unsafe-swiftshader --headless --hide-scrollbars --mute-audio --blink-settings=primaryHoverType=2,availableHoverTypes=2,primaryPointerType=4,availablePointerTypes=4 --no-sandbox --no-sandbox --disable-dev-shm-usage --use-gl=angle --use-angle=swiftshader --enable-unsafe-swiftshader --user-data-dir=/tmp/playwright_chromiumdev_profile-dlMTLC --remote-debugging-pipe --no-startup-window[22m
    [2m  - <launched> pid=269[22m
    [2m  - [pid=269] <gracefully close start>[22m
    [2m  - [pid=269] <kill>[22m
    [2m  - [pid=269] <will force kill>[22m
    [2m  - [pid=269] exception while trying to kill process: Error: kill ESRCH[22m
    [2m  - [pid=269] <process did exit: exitCode=0, signal=null>[22m
    [2m  - [pid=269] starting temporary directories cleanup[22m
    [2m  - [pid=269] finished temporary directories cleanup[22m
    [2m  - [pid=269] <gracefully close end>[22m


    attachment #1: trace (application/zip) ─────────────────────────────────────────────────────────
    test-results/m01-M01-loads-the-nine-bri-7850e-sight-aiming-pause-and-CP-A/trace.zip
    Usage:

        npx playwright show-trace test-results/m01-M01-loads-the-nine-bri-7850e-sight-aiming-pause-and-CP-A/trace.zip

    ────────────────────────────────────────────────────────────────────────────────────────────────

  11) tests/browser/m01.spec.js:66:1 › the genuine first raid displays three Ju 87 GLBs with light LODs and freezes the propellers on pause 

    Error: browserType.launch: Target page, context or browser has been closed
    Browser logs:

    <launching> /tmp/chromium --disable-field-trial-config --disable-background-networking --disable-background-timer-throttling --disable-backgrounding-occluded-windows --disable-back-forward-cache --disable-breakpad --disable-client-side-phishing-detection --disable-component-extensions-with-background-pages --disable-component-update --no-default-browser-check --disable-default-apps --disable-dev-shm-usage --disable-extensions --disable-features=AvoidUnnecessaryBeforeUnloadCheckSync,BoundaryEventDispatchTracksNodeRemoval,DestroyProfileOnBrowserClose,DialMediaRouteProvider,GlobalMediaControls,HttpsUpgrades,LensOverlay,MediaRouter,PaintHolding,ThirdPartyStoragePartitioning,Translate,AutoDeElevate,RenderDocument,OptimizationHints --enable-features=CDPScreenshotNewSurface --allow-pre-commit-input --disable-hang-monitor --disable-ipc-flooding-protection --disable-popup-blocking --disable-prompt-on-repost --disable-renderer-backgrounding --force-color-profile=srgb --metrics-recording-only --no-first-run --password-store=basic --use-mock-keychain --no-service-autorun --export-tagged-pdf --disable-search-engine-choice-screen --unsafely-disable-devtools-self-xss-warnings --edge-skip-compat-layer-relaunch --enable-automation --disable-infobars --disable-search-engine-choice-screen --disable-sync --enable-unsafe-swiftshader --headless --hide-scrollbars --mute-audio --blink-settings=primaryHoverType=2,availableHoverTypes=2,primaryPointerType=4,availablePointerTypes=4 --no-sandbox --no-sandbox --disable-dev-shm-usage --use-gl=angle --use-angle=swiftshader --enable-unsafe-swiftshader --user-data-dir=/tmp/playwright_chromiumdev_profile-2wurIl --remote-debugging-pipe --no-startup-window
    <launched> pid=283
    Call log:
    [2m  - <launching> /tmp/chromium --disable-field-trial-config --disable-background-networking --disable-background-timer-throttling --disable-backgrounding-occluded-windows --disable-back-forward-cache --disable-breakpad --disable-client-side-phishing-detection --disable-component-extensions-with-background-pages --disable-component-update --no-default-browser-check --disable-default-apps --disable-dev-shm-usage --disable-extensions --disable-features=AvoidUnnecessaryBeforeUnloadCheckSync,BoundaryEventDispatchTracksNodeRemoval,DestroyProfileOnBrowserClose,DialMediaRouteProvider,GlobalMediaControls,HttpsUpgrades,LensOverlay,MediaRouter,PaintHolding,ThirdPartyStoragePartitioning,Translate,AutoDeElevate,RenderDocument,OptimizationHints --enable-features=CDPScreenshotNewSurface --allow-pre-commit-input --disable-hang-monitor --disable-ipc-flooding-protection --disable-popup-blocking --disable-prompt-on-repost --disable-renderer-backgrounding --force-color-profile=srgb --metrics-recording-only --no-first-run --password-store=basic --use-mock-keychain --no-service-autorun --export-tagged-pdf --disable-search-engine-choice-screen --unsafely-disable-devtools-self-xss-warnings --edge-skip-compat-layer-relaunch --enable-automation --disable-infobars --disable-search-engine-choice-screen --disable-sync --enable-unsafe-swiftshader --headless --hide-scrollbars --mute-audio --blink-settings=primaryHoverType=2,availableHoverTypes=2,primaryPointerType=4,availablePointerTypes=4 --no-sandbox --no-sandbox --disable-dev-shm-usage --use-gl=angle --use-angle=swiftshader --enable-unsafe-swiftshader --user-data-dir=/tmp/playwright_chromiumdev_profile-2wurIl --remote-debugging-pipe --no-startup-window[22m
    [2m  - <launched> pid=283[22m
    [2m  - [pid=283] <gracefully close start>[22m
    [2m  - [pid=283] <kill>[22m
    [2m  - [pid=283] <will force kill>[22m
    [2m  - [pid=283] exception while trying to kill process: Error: kill ESRCH[22m
    [2m  - [pid=283] <process did exit: exitCode=0, signal=null>[22m
    [2m  - [pid=283] starting temporary directories cleanup[22m
    [2m  - [pid=283] finished temporary directories cleanup[22m
    [2m  - [pid=283] <gracefully close end>[22m


    attachment #1: trace (application/zip) ─────────────────────────────────────────────────────────
    test-results/m01-the-genuine-first-raid-ddae3-zes-the-propellers-on-pause/trace.zip
    Usage:

        npx playwright show-trace test-results/m01-the-genuine-first-raid-ddae3-zes-the-propellers-on-pause/trace.zip

    ────────────────────────────────────────────────────────────────────────────────────────────────

  12) tests/browser/m01.spec.js:89:1 › unavailable optional Ju 87 models retain all three raid silhouettes and the playable mission 

    Error: browserType.launch: Target page, context or browser has been closed
    Browser logs:

    <launching> /tmp/chromium --disable-field-trial-config --disable-background-networking --disable-background-timer-throttling --disable-backgrounding-occluded-windows --disable-back-forward-cache --disable-breakpad --disable-client-side-phishing-detection --disable-component-extensions-with-background-pages --disable-component-update --no-default-browser-check --disable-default-apps --disable-dev-shm-usage --disable-extensions --disable-features=AvoidUnnecessaryBeforeUnloadCheckSync,BoundaryEventDispatchTracksNodeRemoval,DestroyProfileOnBrowserClose,DialMediaRouteProvider,GlobalMediaControls,HttpsUpgrades,LensOverlay,MediaRouter,PaintHolding,ThirdPartyStoragePartitioning,Translate,AutoDeElevate,RenderDocument,OptimizationHints --enable-features=CDPScreenshotNewSurface --allow-pre-commit-input --disable-hang-monitor --disable-ipc-flooding-protection --disable-popup-blocking --disable-prompt-on-repost --disable-renderer-backgrounding --force-color-profile=srgb --metrics-recording-only --no-first-run --password-store=basic --use-mock-keychain --no-service-autorun --export-tagged-pdf --disable-search-engine-choice-screen --unsafely-disable-devtools-self-xss-warnings --edge-skip-compat-layer-relaunch --enable-automation --disable-infobars --disable-search-engine-choice-screen --disable-sync --enable-unsafe-swiftshader --headless --hide-scrollbars --mute-audio --blink-settings=primaryHoverType=2,availableHoverTypes=2,primaryPointerType=4,availablePointerTypes=4 --no-sandbox --no-sandbox --disable-dev-shm-usage --use-gl=angle --use-angle=swiftshader --enable-unsafe-swiftshader --user-data-dir=/tmp/playwright_chromiumdev_profile-zY91g2 --remote-debugging-pipe --no-startup-window
    <launched> pid=297
    Call log:
    [2m  - <launching> /tmp/chromium --disable-field-trial-config --disable-background-networking --disable-background-timer-throttling --disable-backgrounding-occluded-windows --disable-back-forward-cache --disable-breakpad --disable-client-side-phishing-detection --disable-component-extensions-with-background-pages --disable-component-update --no-default-browser-check --disable-default-apps --disable-dev-shm-usage --disable-extensions --disable-features=AvoidUnnecessaryBeforeUnloadCheckSync,BoundaryEventDispatchTracksNodeRemoval,DestroyProfileOnBrowserClose,DialMediaRouteProvider,GlobalMediaControls,HttpsUpgrades,LensOverlay,MediaRouter,PaintHolding,ThirdPartyStoragePartitioning,Translate,AutoDeElevate,RenderDocument,OptimizationHints --enable-features=CDPScreenshotNewSurface --allow-pre-commit-input --disable-hang-monitor --disable-ipc-flooding-protection --disable-popup-blocking --disable-prompt-on-repost --disable-renderer-backgrounding --force-color-profile=srgb --metrics-recording-only --no-first-run --password-store=basic --use-mock-keychain --no-service-autorun --export-tagged-pdf --disable-search-engine-choice-screen --unsafely-disable-devtools-self-xss-warnings --edge-skip-compat-layer-relaunch --enable-automation --disable-infobars --disable-search-engine-choice-screen --disable-sync --enable-unsafe-swiftshader --headless --hide-scrollbars --mute-audio --blink-settings=primaryHoverType=2,availableHoverTypes=2,primaryPointerType=4,availablePointerTypes=4 --no-sandbox --no-sandbox --disable-dev-shm-usage --use-gl=angle --use-angle=swiftshader --enable-unsafe-swiftshader --user-data-dir=/tmp/playwright_chromiumdev_profile-zY91g2 --remote-debugging-pipe --no-startup-window[22m
    [2m  - <launched> pid=297[22m
    [2m  - [pid=297] <gracefully close start>[22m
    [2m  - [pid=297] <kill>[22m
    [2m  - [pid=297] <will force kill>[22m
    [2m  - [pid=297] exception while trying to kill process: Error: kill ESRCH[22m
    [2m  - [pid=297] <process did exit: exitCode=0, signal=null>[22m
    [2m  - [pid=297] starting temporary directories cleanup[22m
    [2m  - [pid=297] finished temporary directories cleanup[22m
    [2m  - [pid=297] <gracefully close end>[22m


    attachment #1: trace (application/zip) ─────────────────────────────────────────────────────────
    test-results/m01-unavailable-optional-J-5800f-es-and-the-playable-mission/trace.zip
    Usage:

        npx playwright show-trace test-results/m01-unavailable-optional-J-5800f-es-and-the-playable-mission/trace.zip

    ────────────────────────────────────────────────────────────────────────────────────────────────

  13) tests/browser/m01.spec.js:99:1 › licensed character rigs and first-person hands follow real weapon state, preserve pause and use the light preset 

    Error: browserType.launch: Target page, context or browser has been closed
    Browser logs:

    <launching> /tmp/chromium --disable-field-trial-config --disable-background-networking --disable-background-timer-throttling --disable-backgrounding-occluded-windows --disable-back-forward-cache --disable-breakpad --disable-client-side-phishing-detection --disable-component-extensions-with-background-pages --disable-component-update --no-default-browser-check --disable-default-apps --disable-dev-shm-usage --disable-extensions --disable-features=AvoidUnnecessaryBeforeUnloadCheckSync,BoundaryEventDispatchTracksNodeRemoval,DestroyProfileOnBrowserClose,DialMediaRouteProvider,GlobalMediaControls,HttpsUpgrades,LensOverlay,MediaRouter,PaintHolding,ThirdPartyStoragePartitioning,Translate,AutoDeElevate,RenderDocument,OptimizationHints --enable-features=CDPScreenshotNewSurface --allow-pre-commit-input --disable-hang-monitor --disable-ipc-flooding-protection --disable-popup-blocking --disable-prompt-on-repost --disable-renderer-backgrounding --force-color-profile=srgb --metrics-recording-only --no-first-run --password-store=basic --use-mock-keychain --no-service-autorun --export-tagged-pdf --disable-search-engine-choice-screen --unsafely-disable-devtools-self-xss-warnings --edge-skip-compat-layer-relaunch --enable-automation --disable-infobars --disable-search-engine-choice-screen --disable-sync --enable-unsafe-swiftshader --headless --hide-scrollbars --mute-audio --blink-settings=primaryHoverType=2,availableHoverTypes=2,primaryPointerType=4,availablePointerTypes=4 --no-sandbox --no-sandbox --disable-dev-shm-usage --use-gl=angle --use-angle=swiftshader --enable-unsafe-swiftshader --user-data-dir=/tmp/playwright_chromiumdev_profile-V5cBnq --remote-debugging-pipe --no-startup-window
    <launched> pid=311
    Call log:
    [2m  - <launching> /tmp/chromium --disable-field-trial-config --disable-background-networking --disable-background-timer-throttling --disable-backgrounding-occluded-windows --disable-back-forward-cache --disable-breakpad --disable-client-side-phishing-detection --disable-component-extensions-with-background-pages --disable-component-update --no-default-browser-check --disable-default-apps --disable-dev-shm-usage --disable-extensions --disable-features=AvoidUnnecessaryBeforeUnloadCheckSync,BoundaryEventDispatchTracksNodeRemoval,DestroyProfileOnBrowserClose,DialMediaRouteProvider,GlobalMediaControls,HttpsUpgrades,LensOverlay,MediaRouter,PaintHolding,ThirdPartyStoragePartitioning,Translate,AutoDeElevate,RenderDocument,OptimizationHints --enable-features=CDPScreenshotNewSurface --allow-pre-commit-input --disable-hang-monitor --disable-ipc-flooding-protection --disable-popup-blocking --disable-prompt-on-repost --disable-renderer-backgrounding --force-color-profile=srgb --metrics-recording-only --no-first-run --password-store=basic --use-mock-keychain --no-service-autorun --export-tagged-pdf --disable-search-engine-choice-screen --unsafely-disable-devtools-self-xss-warnings --edge-skip-compat-layer-relaunch --enable-automation --disable-infobars --disable-search-engine-choice-screen --disable-sync --enable-unsafe-swiftshader --headless --hide-scrollbars --mute-audio --blink-settings=primaryHoverType=2,availableHoverTypes=2,primaryPointerType=4,availablePointerTypes=4 --no-sandbox --no-sandbox --disable-dev-shm-usage --use-gl=angle --use-angle=swiftshader --enable-unsafe-swiftshader --user-data-dir=/tmp/playwright_chromiumdev_profile-V5cBnq --remote-debugging-pipe --no-startup-window[22m
    [2m  - <launched> pid=311[22m
    [2m  - [pid=311] <gracefully close start>[22m
    [2m  - [pid=311] <kill>[22m
    [2m  - [pid=311] <will force kill>[22m
    [2m  - [pid=311] exception while trying to kill process: Error: kill ESRCH[22m
    [2m  - [pid=311] <process did exit: exitCode=0, signal=null>[22m
    [2m  - [pid=311] starting temporary directories cleanup[22m
    [2m  - [pid=311] finished temporary directories cleanup[22m
    [2m  - [pid=311] <gracefully close end>[22m


    attachment #1: trace (application/zip) ─────────────────────────────────────────────────────────
    test-results/m01-licensed-character-rig-737ea-se-and-use-the-light-preset/trace.zip
    Usage:

        npx playwright show-trace test-results/m01-licensed-character-rig-737ea-se-and-use-the-light-preset/trace.zip

    ────────────────────────────────────────────────────────────────────────────────────────────────

  14) tests/browser/m01.spec.js:148:1 › an optional character download failure preserves playable procedural actors without blocking bridge validation 

    Error: browserType.launch: Target page, context or browser has been closed
    Browser logs:

    <launching> /tmp/chromium --disable-field-trial-config --disable-background-networking --disable-background-timer-throttling --disable-backgrounding-occluded-windows --disable-back-forward-cache --disable-breakpad --disable-client-side-phishing-detection --disable-component-extensions-with-background-pages --disable-component-update --no-default-browser-check --disable-default-apps --disable-dev-shm-usage --disable-extensions --disable-features=AvoidUnnecessaryBeforeUnloadCheckSync,BoundaryEventDispatchTracksNodeRemoval,DestroyProfileOnBrowserClose,DialMediaRouteProvider,GlobalMediaControls,HttpsUpgrades,LensOverlay,MediaRouter,PaintHolding,ThirdPartyStoragePartitioning,Translate,AutoDeElevate,RenderDocument,OptimizationHints --enable-features=CDPScreenshotNewSurface --allow-pre-commit-input --disable-hang-monitor --disable-ipc-flooding-protection --disable-popup-blocking --disable-prompt-on-repost --disable-renderer-backgrounding --force-color-profile=srgb --metrics-recording-only --no-first-run --password-store=basic --use-mock-keychain --no-service-autorun --export-tagged-pdf --disable-search-engine-choice-screen --unsafely-disable-devtools-self-xss-warnings --edge-skip-compat-layer-relaunch --enable-automation --disable-infobars --disable-search-engine-choice-screen --disable-sync --enable-unsafe-swiftshader --headless --hide-scrollbars --mute-audio --blink-settings=primaryHoverType=2,availableHoverTypes=2,primaryPointerType=4,availablePointerTypes=4 --no-sandbox --no-sandbox --disable-dev-shm-usage --use-gl=angle --use-angle=swiftshader --enable-unsafe-swiftshader --user-data-dir=/tmp/playwright_chromiumdev_profile-XdnAar --remote-debugging-pipe --no-startup-window
    <launched> pid=325
    Call log:
    [2m  - <launching> /tmp/chromium --disable-field-trial-config --disable-background-networking --disable-background-timer-throttling --disable-backgrounding-occluded-windows --disable-back-forward-cache --disable-breakpad --disable-client-side-phishing-detection --disable-component-extensions-with-background-pages --disable-component-update --no-default-browser-check --disable-default-apps --disable-dev-shm-usage --disable-extensions --disable-features=AvoidUnnecessaryBeforeUnloadCheckSync,BoundaryEventDispatchTracksNodeRemoval,DestroyProfileOnBrowserClose,DialMediaRouteProvider,GlobalMediaControls,HttpsUpgrades,LensOverlay,MediaRouter,PaintHolding,ThirdPartyStoragePartitioning,Translate,AutoDeElevate,RenderDocument,OptimizationHints --enable-features=CDPScreenshotNewSurface --allow-pre-commit-input --disable-hang-monitor --disable-ipc-flooding-protection --disable-popup-blocking --disable-prompt-on-repost --disable-renderer-backgrounding --force-color-profile=srgb --metrics-recording-only --no-first-run --password-store=basic --use-mock-keychain --no-service-autorun --export-tagged-pdf --disable-search-engine-choice-screen --unsafely-disable-devtools-self-xss-warnings --edge-skip-compat-layer-relaunch --enable-automation --disable-infobars --disable-search-engine-choice-screen --disable-sync --enable-unsafe-swiftshader --headless --hide-scrollbars --mute-audio --blink-settings=primaryHoverType=2,availableHoverTypes=2,primaryPointerType=4,availablePointerTypes=4 --no-sandbox --no-sandbox --disable-dev-shm-usage --use-gl=angle --use-angle=swiftshader --enable-unsafe-swiftshader --user-data-dir=/tmp/playwright_chromiumdev_profile-XdnAar --remote-debugging-pipe --no-startup-window[22m
    [2m  - <launched> pid=325[22m
    [2m  - [pid=325] <gracefully close start>[22m
    [2m  - [pid=325] <kill>[22m
    [2m  - [pid=325] <will force kill>[22m
    [2m  - [pid=325] exception while trying to kill process: Error: kill ESRCH[22m
    [2m  - [pid=325] <process did exit: exitCode=0, signal=null>[22m
    [2m  - [pid=325] starting temporary directories cleanup[22m
    [2m  - [pid=325] finished temporary directories cleanup[22m
    [2m  - [pid=325] <gracefully close end>[22m


    attachment #1: trace (application/zip) ─────────────────────────────────────────────────────────
    test-results/m01-an-optional-character--932f1--blocking-bridge-validation/trace.zip
    Usage:

        npx playwright show-trace test-results/m01-an-optional-character--932f1--blocking-bridge-validation/trace.zip

    ────────────────────────────────────────────────────────────────────────────────────────────────

  15) tests/browser/m01.spec.js:156:1 › Kowal fires and changes the rkm magazine from actual combat state, preserving both poses in pause 

    Error: browserType.launch: Target page, context or browser has been closed
    Browser logs:

    <launching> /tmp/chromium --disable-field-trial-config --disable-background-networking --disable-background-timer-throttling --disable-backgrounding-occluded-windows --disable-back-forward-cache --disable-breakpad --disable-client-side-phishing-detection --disable-component-extensions-with-background-pages --disable-component-update --no-default-browser-check --disable-default-apps --disable-dev-shm-usage --disable-extensions --disable-features=AvoidUnnecessaryBeforeUnloadCheckSync,BoundaryEventDispatchTracksNodeRemoval,DestroyProfileOnBrowserClose,DialMediaRouteProvider,GlobalMediaControls,HttpsUpgrades,LensOverlay,MediaRouter,PaintHolding,ThirdPartyStoragePartitioning,Translate,AutoDeElevate,RenderDocument,OptimizationHints --enable-features=CDPScreenshotNewSurface --allow-pre-commit-input --disable-hang-monitor --disable-ipc-flooding-protection --disable-popup-blocking --disable-prompt-on-repost --disable-renderer-backgrounding --force-color-profile=srgb --metrics-recording-only --no-first-run --password-store=basic --use-mock-keychain --no-service-autorun --export-tagged-pdf --disable-search-engine-choice-screen --unsafely-disable-devtools-self-xss-warnings --edge-skip-compat-layer-relaunch --enable-automation --disable-infobars --disable-search-engine-choice-screen --disable-sync --enable-unsafe-swiftshader --headless --hide-scrollbars --mute-audio --blink-settings=primaryHoverType=2,availableHoverTypes=2,primaryPointerType=4,availablePointerTypes=4 --no-sandbox --no-sandbox --disable-dev-shm-usage --use-gl=angle --use-angle=swiftshader --enable-unsafe-swiftshader --user-data-dir=/tmp/playwright_chromiumdev_profile-r8gKke --remote-debugging-pipe --no-startup-window
    <launched> pid=339
    Call log:
    [2m  - <launching> /tmp/chromium --disable-field-trial-config --disable-background-networking --disable-background-timer-throttling --disable-backgrounding-occluded-windows --disable-back-forward-cache --disable-breakpad --disable-client-side-phishing-detection --disable-component-extensions-with-background-pages --disable-component-update --no-default-browser-check --disable-default-apps --disable-dev-shm-usage --disable-extensions --disable-features=AvoidUnnecessaryBeforeUnloadCheckSync,BoundaryEventDispatchTracksNodeRemoval,DestroyProfileOnBrowserClose,DialMediaRouteProvider,GlobalMediaControls,HttpsUpgrades,LensOverlay,MediaRouter,PaintHolding,ThirdPartyStoragePartitioning,Translate,AutoDeElevate,RenderDocument,OptimizationHints --enable-features=CDPScreenshotNewSurface --allow-pre-commit-input --disable-hang-monitor --disable-ipc-flooding-protection --disable-popup-blocking --disable-prompt-on-repost --disable-renderer-backgrounding --force-color-profile=srgb --metrics-recording-only --no-first-run --password-store=basic --use-mock-keychain --no-service-autorun --export-tagged-pdf --disable-search-engine-choice-screen --unsafely-disable-devtools-self-xss-warnings --edge-skip-compat-layer-relaunch --enable-automation --disable-infobars --disable-search-engine-choice-screen --disable-sync --enable-unsafe-swiftshader --headless --hide-scrollbars --mute-audio --blink-settings=primaryHoverType=2,availableHoverTypes=2,primaryPointerType=4,availablePointerTypes=4 --no-sandbox --no-sandbox --disable-dev-shm-usage --use-gl=angle --use-angle=swiftshader --enable-unsafe-swiftshader --user-data-dir=/tmp/playwright_chromiumdev_profile-r8gKke --remote-debugging-pipe --no-startup-window[22m
    [2m  - <launched> pid=339[22m
    [2m  - [pid=339] <gracefully close start>[22m
    [2m  - [pid=339] <kill>[22m
    [2m  - [pid=339] <will force kill>[22m
    [2m  - [pid=339] exception while trying to kill process: Error: kill ESRCH[22m
    [2m  - [pid=339] <process did exit: exitCode=0, signal=null>[22m
    [2m  - [pid=339] starting temporary directories cleanup[22m
    [2m  - [pid=339] finished temporary directories cleanup[22m
    [2m  - [pid=339] <gracefully close end>[22m


    attachment #1: trace (application/zip) ─────────────────────────────────────────────────────────
    test-results/m01-Kowal-fires-and-change-ffc1e-serving-both-poses-in-pause/trace.zip
    Usage:

        npx playwright show-trace test-results/m01-Kowal-fires-and-change-ffc1e-serving-both-poses-in-pause/trace.zip

    ────────────────────────────────────────────────────────────────────────────────────────────────

  16) tests/browser/m01.spec.js:185:1 › missing close-up LOD0 falls back to intact LOD1 hands while the light world actors remain available 

    Error: browserType.launch: Target page, context or browser has been closed
    Browser logs:

    <launching> /tmp/chromium --disable-field-trial-config --disable-background-networking --disable-background-timer-throttling --disable-backgrounding-occluded-windows --disable-back-forward-cache --disable-breakpad --disable-client-side-phishing-detection --disable-component-extensions-with-background-pages --disable-component-update --no-default-browser-check --disable-default-apps --disable-dev-shm-usage --disable-extensions --disable-features=AvoidUnnecessaryBeforeUnloadCheckSync,BoundaryEventDispatchTracksNodeRemoval,DestroyProfileOnBrowserClose,DialMediaRouteProvider,GlobalMediaControls,HttpsUpgrades,LensOverlay,MediaRouter,PaintHolding,ThirdPartyStoragePartitioning,Translate,AutoDeElevate,RenderDocument,OptimizationHints --enable-features=CDPScreenshotNewSurface --allow-pre-commit-input --disable-hang-monitor --disable-ipc-flooding-protection --disable-popup-blocking --disable-prompt-on-repost --disable-renderer-backgrounding --force-color-profile=srgb --metrics-recording-only --no-first-run --password-store=basic --use-mock-keychain --no-service-autorun --export-tagged-pdf --disable-search-engine-choice-screen --unsafely-disable-devtools-self-xss-warnings --edge-skip-compat-layer-relaunch --enable-automation --disable-infobars --disable-search-engine-choice-screen --disable-sync --enable-unsafe-swiftshader --headless --hide-scrollbars --mute-audio --blink-settings=primaryHoverType=2,availableHoverTypes=2,primaryPointerType=4,availablePointerTypes=4 --no-sandbox --no-sandbox --disable-dev-shm-usage --use-gl=angle --use-angle=swiftshader --enable-unsafe-swiftshader --user-data-dir=/tmp/playwright_chromiumdev_profile-nrrDXR --remote-debugging-pipe --no-startup-window
    <launched> pid=353
    Call log:
    [2m  - <launching> /tmp/chromium --disable-field-trial-config --disable-background-networking --disable-background-timer-throttling --disable-backgrounding-occluded-windows --disable-back-forward-cache --disable-breakpad --disable-client-side-phishing-detection --disable-component-extensions-with-background-pages --disable-component-update --no-default-browser-check --disable-default-apps --disable-dev-shm-usage --disable-extensions --disable-features=AvoidUnnecessaryBeforeUnloadCheckSync,BoundaryEventDispatchTracksNodeRemoval,DestroyProfileOnBrowserClose,DialMediaRouteProvider,GlobalMediaControls,HttpsUpgrades,LensOverlay,MediaRouter,PaintHolding,ThirdPartyStoragePartitioning,Translate,AutoDeElevate,RenderDocument,OptimizationHints --enable-features=CDPScreenshotNewSurface --allow-pre-commit-input --disable-hang-monitor --disable-ipc-flooding-protection --disable-popup-blocking --disable-prompt-on-repost --disable-renderer-backgrounding --force-color-profile=srgb --metrics-recording-only --no-first-run --password-store=basic --use-mock-keychain --no-service-autorun --export-tagged-pdf --disable-search-engine-choice-screen --unsafely-disable-devtools-self-xss-warnings --edge-skip-compat-layer-relaunch --enable-automation --disable-infobars --disable-search-engine-choice-screen --disable-sync --enable-unsafe-swiftshader --headless --hide-scrollbars --mute-audio --blink-settings=primaryHoverType=2,availableHoverTypes=2,primaryPointerType=4,availablePointerTypes=4 --no-sandbox --no-sandbox --disable-dev-shm-usage --use-gl=angle --use-angle=swiftshader --enable-unsafe-swiftshader --user-data-dir=/tmp/playwright_chromiumdev_profile-nrrDXR --remote-debugging-pipe --no-startup-window[22m
    [2m  - <launched> pid=353[22m
    [2m  - [pid=353] <gracefully close start>[22m
    [2m  - [pid=353] <kill>[22m
    [2m  - [pid=353] <will force kill>[22m
    [2m  - [pid=353] exception while trying to kill process: Error: kill ESRCH[22m
    [2m  - [pid=353] <process did exit: exitCode=0, signal=null>[22m
    [2m  - [pid=353] starting temporary directories cleanup[22m
    [2m  - [pid=353] finished temporary directories cleanup[22m
    [2m  - [pid=353] <gracefully close end>[22m


    attachment #1: trace (application/zip) ─────────────────────────────────────────────────────────
    test-results/m01-missing-close-up-LOD0--29ba9-rld-actors-remain-available/trace.zip
    Usage:

        npx playwright show-trace test-results/m01-missing-close-up-LOD0--29ba9-rld-actors-remain-available/trace.zip

    ────────────────────────────────────────────────────────────────────────────────────────────────

  17) tests/browser/m01.spec.js:193:1 › the station clip alone cannot enable a viewmodel when the required weapon animations fail to download 

    Error: browserType.launch: Target page, context or browser has been closed
    Browser logs:

    <launching> /tmp/chromium --disable-field-trial-config --disable-background-networking --disable-background-timer-throttling --disable-backgrounding-occluded-windows --disable-back-forward-cache --disable-breakpad --disable-client-side-phishing-detection --disable-component-extensions-with-background-pages --disable-component-update --no-default-browser-check --disable-default-apps --disable-dev-shm-usage --disable-extensions --disable-features=AvoidUnnecessaryBeforeUnloadCheckSync,BoundaryEventDispatchTracksNodeRemoval,DestroyProfileOnBrowserClose,DialMediaRouteProvider,GlobalMediaControls,HttpsUpgrades,LensOverlay,MediaRouter,PaintHolding,ThirdPartyStoragePartitioning,Translate,AutoDeElevate,RenderDocument,OptimizationHints --enable-features=CDPScreenshotNewSurface --allow-pre-commit-input --disable-hang-monitor --disable-ipc-flooding-protection --disable-popup-blocking --disable-prompt-on-repost --disable-renderer-backgrounding --force-color-profile=srgb --metrics-recording-only --no-first-run --password-store=basic --use-mock-keychain --no-service-autorun --export-tagged-pdf --disable-search-engine-choice-screen --unsafely-disable-devtools-self-xss-warnings --edge-skip-compat-layer-relaunch --enable-automation --disable-infobars --disable-search-engine-choice-screen --disable-sync --enable-unsafe-swiftshader --headless --hide-scrollbars --mute-audio --blink-settings=primaryHoverType=2,availableHoverTypes=2,primaryPointerType=4,availablePointerTypes=4 --no-sandbox --no-sandbox --disable-dev-shm-usage --use-gl=angle --use-angle=swiftshader --enable-unsafe-swiftshader --user-data-dir=/tmp/playwright_chromiumdev_profile-St58ne --remote-debugging-pipe --no-startup-window
    <launched> pid=367
    Call log:
    [2m  - <launching> /tmp/chromium --disable-field-trial-config --disable-background-networking --disable-background-timer-throttling --disable-backgrounding-occluded-windows --disable-back-forward-cache --disable-breakpad --disable-client-side-phishing-detection --disable-component-extensions-with-background-pages --disable-component-update --no-default-browser-check --disable-default-apps --disable-dev-shm-usage --disable-extensions --disable-features=AvoidUnnecessaryBeforeUnloadCheckSync,BoundaryEventDispatchTracksNodeRemoval,DestroyProfileOnBrowserClose,DialMediaRouteProvider,GlobalMediaControls,HttpsUpgrades,LensOverlay,MediaRouter,PaintHolding,ThirdPartyStoragePartitioning,Translate,AutoDeElevate,RenderDocument,OptimizationHints --enable-features=CDPScreenshotNewSurface --allow-pre-commit-input --disable-hang-monitor --disable-ipc-flooding-protection --disable-popup-blocking --disable-prompt-on-repost --disable-renderer-backgrounding --force-color-profile=srgb --metrics-recording-only --no-first-run --password-store=basic --use-mock-keychain --no-service-autorun --export-tagged-pdf --disable-search-engine-choice-screen --unsafely-disable-devtools-self-xss-warnings --edge-skip-compat-layer-relaunch --enable-automation --disable-infobars --disable-search-engine-choice-screen --disable-sync --enable-unsafe-swiftshader --headless --hide-scrollbars --mute-audio --blink-settings=primaryHoverType=2,availableHoverTypes=2,primaryPointerType=4,availablePointerTypes=4 --no-sandbox --no-sandbox --disable-dev-shm-usage --use-gl=angle --use-angle=swiftshader --enable-unsafe-swiftshader --user-data-dir=/tmp/playwright_chromiumdev_profile-St58ne --remote-debugging-pipe --no-startup-window[22m
    [2m  - <launched> pid=367[22m
    [2m  - [pid=367] <gracefully close start>[22m
    [2m  - [pid=367] <kill>[22m
    [2m  - [pid=367] <will force kill>[22m
    [2m  - [pid=367] exception while trying to kill process: Error: kill ESRCH[22m
    [2m  - [pid=367] <process did exit: exitCode=0, signal=null>[22m
    [2m  - [pid=367] starting temporary directories cleanup[22m
    [2m  - [pid=367] finished temporary directories cleanup[22m
    [2m  - [pid=367] <gracefully close end>[22m


    attachment #1: trace (application/zip) ─────────────────────────────────────────────────────────
    test-results/m01-the-station-clip-alone-ecac7-animations-fail-to-download/trace.zip
    Usage:

        npx playwright show-trace test-results/m01-the-station-clip-alone-ecac7-animations-fail-to-download/trace.zip

    ────────────────────────────────────────────────────────────────────────────────────────────────

  18) tests/browser/m01.spec.js:201:1 › the station evacuation restores its grounded drag, pauses with the mission and delivers the casualty 

    Error: browserType.launch: Target page, context or browser has been closed
    Browser logs:

    <launching> /tmp/chromium --disable-field-trial-config --disable-background-networking --disable-background-timer-throttling --disable-backgrounding-occluded-windows --disable-back-forward-cache --disable-breakpad --disable-client-side-phishing-detection --disable-component-extensions-with-background-pages --disable-component-update --no-default-browser-check --disable-default-apps --disable-dev-shm-usage --disable-extensions --disable-features=AvoidUnnecessaryBeforeUnloadCheckSync,BoundaryEventDispatchTracksNodeRemoval,DestroyProfileOnBrowserClose,DialMediaRouteProvider,GlobalMediaControls,HttpsUpgrades,LensOverlay,MediaRouter,PaintHolding,ThirdPartyStoragePartitioning,Translate,AutoDeElevate,RenderDocument,OptimizationHints --enable-features=CDPScreenshotNewSurface --allow-pre-commit-input --disable-hang-monitor --disable-ipc-flooding-protection --disable-popup-blocking --disable-prompt-on-repost --disable-renderer-backgrounding --force-color-profile=srgb --metrics-recording-only --no-first-run --password-store=basic --use-mock-keychain --no-service-autorun --export-tagged-pdf --disable-search-engine-choice-screen --unsafely-disable-devtools-self-xss-warnings --edge-skip-compat-layer-relaunch --enable-automation --disable-infobars --disable-search-engine-choice-screen --disable-sync --enable-unsafe-swiftshader --headless --hide-scrollbars --mute-audio --blink-settings=primaryHoverType=2,availableHoverTypes=2,primaryPointerType=4,availablePointerTypes=4 --no-sandbox --no-sandbox --disable-dev-shm-usage --use-gl=angle --use-angle=swiftshader --enable-unsafe-swiftshader --user-data-dir=/tmp/playwright_chromiumdev_profile-VwSxrZ --remote-debugging-pipe --no-startup-window
    <launched> pid=381
    Call log:
    [2m  - <launching> /tmp/chromium --disable-field-trial-config --disable-background-networking --disable-background-timer-throttling --disable-backgrounding-occluded-windows --disable-back-forward-cache --disable-breakpad --disable-client-side-phishing-detection --disable-component-extensions-with-background-pages --disable-component-update --no-default-browser-check --disable-default-apps --disable-dev-shm-usage --disable-extensions --disable-features=AvoidUnnecessaryBeforeUnloadCheckSync,BoundaryEventDispatchTracksNodeRemoval,DestroyProfileOnBrowserClose,DialMediaRouteProvider,GlobalMediaControls,HttpsUpgrades,LensOverlay,MediaRouter,PaintHolding,ThirdPartyStoragePartitioning,Translate,AutoDeElevate,RenderDocument,OptimizationHints --enable-features=CDPScreenshotNewSurface --allow-pre-commit-input --disable-hang-monitor --disable-ipc-flooding-protection --disable-popup-blocking --disable-prompt-on-repost --disable-renderer-backgrounding --force-color-profile=srgb --metrics-recording-only --no-first-run --password-store=basic --use-mock-keychain --no-service-autorun --export-tagged-pdf --disable-search-engine-choice-screen --unsafely-disable-devtools-self-xss-warnings --edge-skip-compat-layer-relaunch --enable-automation --disable-infobars --disable-search-engine-choice-screen --disable-sync --enable-unsafe-swiftshader --headless --hide-scrollbars --mute-audio --blink-settings=primaryHoverType=2,availableHoverTypes=2,primaryPointerType=4,availablePointerTypes=4 --no-sandbox --no-sandbox --disable-dev-shm-usage --use-gl=angle --use-angle=swiftshader --enable-unsafe-swiftshader --user-data-dir=/tmp/playwright_chromiumdev_profile-VwSxrZ --remote-debugging-pipe --no-startup-window[22m
    [2m  - <launched> pid=381[22m
    [2m  - [pid=381] <gracefully close start>[22m
    [2m  - [pid=381] <kill>[22m
    [2m  - [pid=381] <will force kill>[22m
    [2m  - [pid=381] exception while trying to kill process: Error: kill ESRCH[22m
    [2m  - [pid=381] <process did exit: exitCode=0, signal=null>[22m
    [2m  - [pid=381] starting temporary directories cleanup[22m
    [2m  - [pid=381] finished temporary directories cleanup[22m
    [2m  - [pid=381] <gracefully close end>[22m


    attachment #1: trace (application/zip) ─────────────────────────────────────────────────────────
    test-results/m01-the-station-evacuation-ff2e3-n-and-delivers-the-casualty/trace.zip
    Usage:

        npx playwright show-trace test-results/m01-the-station-evacuation-ff2e3-n-and-delivers-the-casualty/trace.zip

    ────────────────────────────────────────────────────────────────────────────────────────────────

  19) tests/browser/m01.spec.js:229:39 › the real station grab restores synchronized clips, pauses and keeps both roots fixed 

    Error: browserType.launch: Target page, context or browser has been closed
    Browser logs:

    <launching> /tmp/chromium --disable-field-trial-config --disable-background-networking --disable-background-timer-throttling --disable-backgrounding-occluded-windows --disable-back-forward-cache --disable-breakpad --disable-client-side-phishing-detection --disable-component-extensions-with-background-pages --disable-component-update --no-default-browser-check --disable-default-apps --disable-dev-shm-usage --disable-extensions --disable-features=AvoidUnnecessaryBeforeUnloadCheckSync,BoundaryEventDispatchTracksNodeRemoval,DestroyProfileOnBrowserClose,DialMediaRouteProvider,GlobalMediaControls,HttpsUpgrades,LensOverlay,MediaRouter,PaintHolding,ThirdPartyStoragePartitioning,Translate,AutoDeElevate,RenderDocument,OptimizationHints --enable-features=CDPScreenshotNewSurface --allow-pre-commit-input --disable-hang-monitor --disable-ipc-flooding-protection --disable-popup-blocking --disable-prompt-on-repost --disable-renderer-backgrounding --force-color-profile=srgb --metrics-recording-only --no-first-run --password-store=basic --use-mock-keychain --no-service-autorun --export-tagged-pdf --disable-search-engine-choice-screen --unsafely-disable-devtools-self-xss-warnings --edge-skip-compat-layer-relaunch --enable-automation --disable-infobars --disable-search-engine-choice-screen --disable-sync --enable-unsafe-swiftshader --headless --hide-scrollbars --mute-audio --blink-settings=primaryHoverType=2,availableHoverTypes=2,primaryPointerType=4,availablePointerTypes=4 --no-sandbox --no-sandbox --disable-dev-shm-usage --use-gl=angle --use-angle=swiftshader --enable-unsafe-swiftshader --user-data-dir=/tmp/playwright_chromiumdev_profile-uv39bI --remote-debugging-pipe --no-startup-window
    <launched> pid=395
    Call log:
    [2m  - <launching> /tmp/chromium --disable-field-trial-config --disable-background-networking --disable-background-timer-throttling --disable-backgrounding-occluded-windows --disable-back-forward-cache --disable-breakpad --disable-client-side-phishing-detection --disable-component-extensions-with-background-pages --disable-component-update --no-default-browser-check --disable-default-apps --disable-dev-shm-usage --disable-extensions --disable-features=AvoidUnnecessaryBeforeUnloadCheckSync,BoundaryEventDispatchTracksNodeRemoval,DestroyProfileOnBrowserClose,DialMediaRouteProvider,GlobalMediaControls,HttpsUpgrades,LensOverlay,MediaRouter,PaintHolding,ThirdPartyStoragePartitioning,Translate,AutoDeElevate,RenderDocument,OptimizationHints --enable-features=CDPScreenshotNewSurface --allow-pre-commit-input --disable-hang-monitor --disable-ipc-flooding-protection --disable-popup-blocking --disable-prompt-on-repost --disable-renderer-backgrounding --force-color-profile=srgb --metrics-recording-only --no-first-run --password-store=basic --use-mock-keychain --no-service-autorun --export-tagged-pdf --disable-search-engine-choice-screen --unsafely-disable-devtools-self-xss-warnings --edge-skip-compat-layer-relaunch --enable-automation --disable-infobars --disable-search-engine-choice-screen --disable-sync --enable-unsafe-swiftshader --headless --hide-scrollbars --mute-audio --blink-settings=primaryHoverType=2,availableHoverTypes=2,primaryPointerType=4,availablePointerTypes=4 --no-sandbox --no-sandbox --disable-dev-shm-usage --use-gl=angle --use-angle=swiftshader --enable-unsafe-swiftshader --user-data-dir=/tmp/playwright_chromiumdev_profile-uv39bI --remote-debugging-pipe --no-startup-window[22m
    [2m  - <launched> pid=395[22m
    [2m  - [pid=395] <gracefully close start>[22m
    [2m  - [pid=395] <kill>[22m
    [2m  - [pid=395] <will force kill>[22m
    [2m  - [pid=395] exception while trying to kill process: Error: kill ESRCH[22m
    [2m  - [pid=395] <process did exit: exitCode=0, signal=null>[22m
    [2m  - [pid=395] starting temporary directories cleanup[22m
    [2m  - [pid=395] finished temporary directories cleanup[22m
    [2m  - [pid=395] <gracefully close end>[22m


    attachment #1: trace (application/zip) ─────────────────────────────────────────────────────────
    test-results/m01-the-real-station-grab--9eaaf--and-keeps-both-roots-fixed/trace.zip
    Usage:

        npx playwright show-trace test-results/m01-the-real-station-grab--9eaaf--and-keeps-both-roots-fixed/trace.zip

    ────────────────────────────────────────────────────────────────────────────────────────────────

  20) tests/browser/m01.spec.js:229:39 › the real station release restores synchronized clips, pauses and keeps both roots fixed 

    Error: browserType.launch: Target page, context or browser has been closed
    Browser logs:

    <launching> /tmp/chromium --disable-field-trial-config --disable-background-networking --disable-background-timer-throttling --disable-backgrounding-occluded-windows --disable-back-forward-cache --disable-breakpad --disable-client-side-phishing-detection --disable-component-extensions-with-background-pages --disable-component-update --no-default-browser-check --disable-default-apps --disable-dev-shm-usage --disable-extensions --disable-features=AvoidUnnecessaryBeforeUnloadCheckSync,BoundaryEventDispatchTracksNodeRemoval,DestroyProfileOnBrowserClose,DialMediaRouteProvider,GlobalMediaControls,HttpsUpgrades,LensOverlay,MediaRouter,PaintHolding,ThirdPartyStoragePartitioning,Translate,AutoDeElevate,RenderDocument,OptimizationHints --enable-features=CDPScreenshotNewSurface --allow-pre-commit-input --disable-hang-monitor --disable-ipc-flooding-protection --disable-popup-blocking --disable-prompt-on-repost --disable-renderer-backgrounding --force-color-profile=srgb --metrics-recording-only --no-first-run --password-store=basic --use-mock-keychain --no-service-autorun --export-tagged-pdf --disable-search-engine-choice-screen --unsafely-disable-devtools-self-xss-warnings --edge-skip-compat-layer-relaunch --enable-automation --disable-infobars --disable-search-engine-choice-screen --disable-sync --enable-unsafe-swiftshader --headless --hide-scrollbars --mute-audio --blink-settings=primaryHoverType=2,availableHoverTypes=2,primaryPointerType=4,availablePointerTypes=4 --no-sandbox --no-sandbox --disable-dev-shm-usage --use-gl=angle --use-angle=swiftshader --enable-unsafe-swiftshader --user-data-dir=/tmp/playwright_chromiumdev_profile-ZemJFH --remote-debugging-pipe --no-startup-window
    <launched> pid=409
    Call log:
    [2m  - <launching> /tmp/chromium --disable-field-trial-config --disable-background-networking --disable-background-timer-throttling --disable-backgrounding-occluded-windows --disable-back-forward-cache --disable-breakpad --disable-client-side-phishing-detection --disable-component-extensions-with-background-pages --disable-component-update --no-default-browser-check --disable-default-apps --disable-dev-shm-usage --disable-extensions --disable-features=AvoidUnnecessaryBeforeUnloadCheckSync,BoundaryEventDispatchTracksNodeRemoval,DestroyProfileOnBrowserClose,DialMediaRouteProvider,GlobalMediaControls,HttpsUpgrades,LensOverlay,MediaRouter,PaintHolding,ThirdPartyStoragePartitioning,Translate,AutoDeElevate,RenderDocument,OptimizationHints --enable-features=CDPScreenshotNewSurface --allow-pre-commit-input --disable-hang-monitor --disable-ipc-flooding-protection --disable-popup-blocking --disable-prompt-on-repost --disable-renderer-backgrounding --force-color-profile=srgb --metrics-recording-only --no-first-run --password-store=basic --use-mock-keychain --no-service-autorun --export-tagged-pdf --disable-search-engine-choice-screen --unsafely-disable-devtools-self-xss-warnings --edge-skip-compat-layer-relaunch --enable-automation --disable-infobars --disable-search-engine-choice-screen --disable-sync --enable-unsafe-swiftshader --headless --hide-scrollbars --mute-audio --blink-settings=primaryHoverType=2,availableHoverTypes=2,primaryPointerType=4,availablePointerTypes=4 --no-sandbox --no-sandbox --disable-dev-shm-usage --use-gl=angle --use-angle=swiftshader --enable-unsafe-swiftshader --user-data-dir=/tmp/playwright_chromiumdev_profile-ZemJFH --remote-debugging-pipe --no-startup-window[22m
    [2m  - <launched> pid=409[22m
    [2m  - [pid=409] <gracefully close start>[22m
    [2m  - [pid=409] <kill>[22m
    [2m  - [pid=409] <will force kill>[22m
    [2m  - [pid=409] exception while trying to kill process: Error: kill ESRCH[22m
    [2m  - [pid=409] <process did exit: exitCode=0, signal=null>[22m
    [2m  - [pid=409] starting temporary directories cleanup[22m
    [2m  - [pid=409] finished temporary directories cleanup[22m
    [2m  - [pid=409] <gracefully close end>[22m


    attachment #1: trace (application/zip) ─────────────────────────────────────────────────────────
    test-results/m01-the-real-station-relea-87f46--and-keeps-both-roots-fixed/trace.zip
    Usage:

        npx playwright show-trace test-results/m01-the-real-station-relea-87f46--and-keeps-both-roots-fixed/trace.zip

    ────────────────────────────────────────────────────────────────────────────────────────────────

  21) tests/browser/m01.spec.js:268:1 › a missing optional station transition GLB keeps the grounded fallback and completes evacuation 

    Error: browserType.launch: Target page, context or browser has been closed
    Browser logs:

    <launching> /tmp/chromium --disable-field-trial-config --disable-background-networking --disable-background-timer-throttling --disable-backgrounding-occluded-windows --disable-back-forward-cache --disable-breakpad --disable-client-side-phishing-detection --disable-component-extensions-with-background-pages --disable-component-update --no-default-browser-check --disable-default-apps --disable-dev-shm-usage --disable-extensions --disable-features=AvoidUnnecessaryBeforeUnloadCheckSync,BoundaryEventDispatchTracksNodeRemoval,DestroyProfileOnBrowserClose,DialMediaRouteProvider,GlobalMediaControls,HttpsUpgrades,LensOverlay,MediaRouter,PaintHolding,ThirdPartyStoragePartitioning,Translate,AutoDeElevate,RenderDocument,OptimizationHints --enable-features=CDPScreenshotNewSurface --allow-pre-commit-input --disable-hang-monitor --disable-ipc-flooding-protection --disable-popup-blocking --disable-prompt-on-repost --disable-renderer-backgrounding --force-color-profile=srgb --metrics-recording-only --no-first-run --password-store=basic --use-mock-keychain --no-service-autorun --export-tagged-pdf --disable-search-engine-choice-screen --unsafely-disable-devtools-self-xss-warnings --edge-skip-compat-layer-relaunch --enable-automation --disable-infobars --disable-search-engine-choice-screen --disable-sync --enable-unsafe-swiftshader --headless --hide-scrollbars --mute-audio --blink-settings=primaryHoverType=2,availableHoverTypes=2,primaryPointerType=4,availablePointerTypes=4 --no-sandbox --no-sandbox --disable-dev-shm-usage --use-gl=angle --use-angle=swiftshader --enable-unsafe-swiftshader --user-data-dir=/tmp/playwright_chromiumdev_profile-qFQFkw --remote-debugging-pipe --no-startup-window
    <launched> pid=423
    Call log:
    [2m  - <launching> /tmp/chromium --disable-field-trial-config --disable-background-networking --disable-background-timer-throttling --disable-backgrounding-occluded-windows --disable-back-forward-cache --disable-breakpad --disable-client-side-phishing-detection --disable-component-extensions-with-background-pages --disable-component-update --no-default-browser-check --disable-default-apps --disable-dev-shm-usage --disable-extensions --disable-features=AvoidUnnecessaryBeforeUnloadCheckSync,BoundaryEventDispatchTracksNodeRemoval,DestroyProfileOnBrowserClose,DialMediaRouteProvider,GlobalMediaControls,HttpsUpgrades,LensOverlay,MediaRouter,PaintHolding,ThirdPartyStoragePartitioning,Translate,AutoDeElevate,RenderDocument,OptimizationHints --enable-features=CDPScreenshotNewSurface --allow-pre-commit-input --disable-hang-monitor --disable-ipc-flooding-protection --disable-popup-blocking --disable-prompt-on-repost --disable-renderer-backgrounding --force-color-profile=srgb --metrics-recording-only --no-first-run --password-store=basic --use-mock-keychain --no-service-autorun --export-tagged-pdf --disable-search-engine-choice-screen --unsafely-disable-devtools-self-xss-warnings --edge-skip-compat-layer-relaunch --enable-automation --disable-infobars --disable-search-engine-choice-screen --disable-sync --enable-unsafe-swiftshader --headless --hide-scrollbars --mute-audio --blink-settings=primaryHoverType=2,availableHoverTypes=2,primaryPointerType=4,availablePointerTypes=4 --no-sandbox --no-sandbox --disable-dev-shm-usage --use-gl=angle --use-angle=swiftshader --enable-unsafe-swiftshader --user-data-dir=/tmp/playwright_chromiumdev_profile-qFQFkw --remote-debugging-pipe --no-startup-window[22m
    [2m  - <launched> pid=423[22m
    [2m  - [pid=423] <gracefully close start>[22m
    [2m  - [pid=423] <kill>[22m
    [2m  - [pid=423] <will force kill>[22m
    [2m  - [pid=423] exception while trying to kill process: Error: kill ESRCH[22m
    [2m  - [pid=423] <process did exit: exitCode=0, signal=null>[22m
    [2m  - [pid=423] starting temporary directories cleanup[22m
    [2m  - [pid=423] finished temporary directories cleanup[22m
    [2m  - [pid=423] <gracefully close end>[22m


    attachment #1: trace (application/zip) ─────────────────────────────────────────────────────────
    test-results/m01-a-missing-optional-sta-28c75-ck-and-completes-evacuation/trace.zip
    Usage:

        npx playwright show-trace test-results/m01-a-missing-optional-sta-28c75-ck-and-completes-evacuation/trace.zip

    ────────────────────────────────────────────────────────────────────────────────────────────────

  22) tests/browser/m01.spec.js:282:1 › real keyboard movement traverses the approaches and E delivers the message at the rail bridge 

    Error: browserType.launch: Target page, context or browser has been closed
    Browser logs:

    <launching> /tmp/chromium --disable-field-trial-config --disable-background-networking --disable-background-timer-throttling --disable-backgrounding-occluded-windows --disable-back-forward-cache --disable-breakpad --disable-client-side-phishing-detection --disable-component-extensions-with-background-pages --disable-component-update --no-default-browser-check --disable-default-apps --disable-dev-shm-usage --disable-extensions --disable-features=AvoidUnnecessaryBeforeUnloadCheckSync,BoundaryEventDispatchTracksNodeRemoval,DestroyProfileOnBrowserClose,DialMediaRouteProvider,GlobalMediaControls,HttpsUpgrades,LensOverlay,MediaRouter,PaintHolding,ThirdPartyStoragePartitioning,Translate,AutoDeElevate,RenderDocument,OptimizationHints --enable-features=CDPScreenshotNewSurface --allow-pre-commit-input --disable-hang-monitor --disable-ipc-flooding-protection --disable-popup-blocking --disable-prompt-on-repost --disable-renderer-backgrounding --force-color-profile=srgb --metrics-recording-only --no-first-run --password-store=basic --use-mock-keychain --no-service-autorun --export-tagged-pdf --disable-search-engine-choice-screen --unsafely-disable-devtools-self-xss-warnings --edge-skip-compat-layer-relaunch --enable-automation --disable-infobars --disable-search-engine-choice-screen --disable-sync --enable-unsafe-swiftshader --headless --hide-scrollbars --mute-audio --blink-settings=primaryHoverType=2,availableHoverTypes=2,primaryPointerType=4,availablePointerTypes=4 --no-sandbox --no-sandbox --disable-dev-shm-usage --use-gl=angle --use-angle=swiftshader --enable-unsafe-swiftshader --user-data-dir=/tmp/playwright_chromiumdev_profile-aZXKPd --remote-debugging-pipe --no-startup-window
    <launched> pid=437
    Call log:
    [2m  - <launching> /tmp/chromium --disable-field-trial-config --disable-background-networking --disable-background-timer-throttling --disable-backgrounding-occluded-windows --disable-back-forward-cache --disable-breakpad --disable-client-side-phishing-detection --disable-component-extensions-with-background-pages --disable-component-update --no-default-browser-check --disable-default-apps --disable-dev-shm-usage --disable-extensions --disable-features=AvoidUnnecessaryBeforeUnloadCheckSync,BoundaryEventDispatchTracksNodeRemoval,DestroyProfileOnBrowserClose,DialMediaRouteProvider,GlobalMediaControls,HttpsUpgrades,LensOverlay,MediaRouter,PaintHolding,ThirdPartyStoragePartitioning,Translate,AutoDeElevate,RenderDocument,OptimizationHints --enable-features=CDPScreenshotNewSurface --allow-pre-commit-input --disable-hang-monitor --disable-ipc-flooding-protection --disable-popup-blocking --disable-prompt-on-repost --disable-renderer-backgrounding --force-color-profile=srgb --metrics-recording-only --no-first-run --password-store=basic --use-mock-keychain --no-service-autorun --export-tagged-pdf --disable-search-engine-choice-screen --unsafely-disable-devtools-self-xss-warnings --edge-skip-compat-layer-relaunch --enable-automation --disable-infobars --disable-search-engine-choice-screen --disable-sync --enable-unsafe-swiftshader --headless --hide-scrollbars --mute-audio --blink-settings=primaryHoverType=2,availableHoverTypes=2,primaryPointerType=4,availablePointerTypes=4 --no-sandbox --no-sandbox --disable-dev-shm-usage --use-gl=angle --use-angle=swiftshader --enable-unsafe-swiftshader --user-data-dir=/tmp/playwright_chromiumdev_profile-aZXKPd --remote-debugging-pipe --no-startup-window[22m
    [2m  - <launched> pid=437[22m
    [2m  - [pid=437] <gracefully close start>[22m
    [2m  - [pid=437] <kill>[22m
    [2m  - [pid=437] <will force kill>[22m
    [2m  - [pid=437] exception while trying to kill process: Error: kill ESRCH[22m
    [2m  - [pid=437] <process did exit: exitCode=0, signal=null>[22m
    [2m  - [pid=437] starting temporary directories cleanup[22m
    [2m  - [pid=437] finished temporary directories cleanup[22m
    [2m  - [pid=437] <gracefully close end>[22m


    attachment #1: trace (application/zip) ─────────────────────────────────────────────────────────
    test-results/m01-real-keyboard-movement-4378c--message-at-the-rail-bridge/trace.zip
    Usage:

        npx playwright show-trace test-results/m01-real-keyboard-movement-4378c--message-at-the-rail-bridge/trace.zip

    ────────────────────────────────────────────────────────────────────────────────────────────────

  23) tests/browser/m01.spec.js:308:33 › adjustment salvo at the gates restores its actual origin and follows mouse look 

    Error: browserType.launch: Target page, context or browser has been closed
    Browser logs:

    <launching> /tmp/chromium --disable-field-trial-config --disable-background-networking --disable-background-timer-throttling --disable-backgrounding-occluded-windows --disable-back-forward-cache --disable-breakpad --disable-client-side-phishing-detection --disable-component-extensions-with-background-pages --disable-component-update --no-default-browser-check --disable-default-apps --disable-dev-shm-usage --disable-extensions --disable-features=AvoidUnnecessaryBeforeUnloadCheckSync,BoundaryEventDispatchTracksNodeRemoval,DestroyProfileOnBrowserClose,DialMediaRouteProvider,GlobalMediaControls,HttpsUpgrades,LensOverlay,MediaRouter,PaintHolding,ThirdPartyStoragePartitioning,Translate,AutoDeElevate,RenderDocument,OptimizationHints --enable-features=CDPScreenshotNewSurface --allow-pre-commit-input --disable-hang-monitor --disable-ipc-flooding-protection --disable-popup-blocking --disable-prompt-on-repost --disable-renderer-backgrounding --force-color-profile=srgb --metrics-recording-only --no-first-run --password-store=basic --use-mock-keychain --no-service-autorun --export-tagged-pdf --disable-search-engine-choice-screen --unsafely-disable-devtools-self-xss-warnings --edge-skip-compat-layer-relaunch --enable-automation --disable-infobars --disable-search-engine-choice-screen --disable-sync --enable-unsafe-swiftshader --headless --hide-scrollbars --mute-audio --blink-settings=primaryHoverType=2,availableHoverTypes=2,primaryPointerType=4,availablePointerTypes=4 --no-sandbox --no-sandbox --disable-dev-shm-usage --use-gl=angle --use-angle=swiftshader --enable-unsafe-swiftshader --user-data-dir=/tmp/playwright_chromiumdev_profile-dkibwH --remote-debugging-pipe --no-startup-window
    <launched> pid=451
    Call log:
    [2m  - <launching> /tmp/chromium --disable-field-trial-config --disable-background-networking --disable-background-timer-throttling --disable-backgrounding-occluded-windows --disable-back-forward-cache --disable-breakpad --disable-client-side-phishing-detection --disable-component-extensions-with-background-pages --disable-component-update --no-default-browser-check --disable-default-apps --disable-dev-shm-usage --disable-extensions --disable-features=AvoidUnnecessaryBeforeUnloadCheckSync,BoundaryEventDispatchTracksNodeRemoval,DestroyProfileOnBrowserClose,DialMediaRouteProvider,GlobalMediaControls,HttpsUpgrades,LensOverlay,MediaRouter,PaintHolding,ThirdPartyStoragePartitioning,Translate,AutoDeElevate,RenderDocument,OptimizationHints --enable-features=CDPScreenshotNewSurface --allow-pre-commit-input --disable-hang-monitor --disable-ipc-flooding-protection --disable-popup-blocking --disable-prompt-on-repost --disable-renderer-backgrounding --force-color-profile=srgb --metrics-recording-only --no-first-run --password-store=basic --use-mock-keychain --no-service-autorun --export-tagged-pdf --disable-search-engine-choice-screen --unsafely-disable-devtools-self-xss-warnings --edge-skip-compat-layer-relaunch --enable-automation --disable-infobars --disable-search-engine-choice-screen --disable-sync --enable-unsafe-swiftshader --headless --hide-scrollbars --mute-audio --blink-settings=primaryHoverType=2,availableHoverTypes=2,primaryPointerType=4,availablePointerTypes=4 --no-sandbox --no-sandbox --disable-dev-shm-usage --use-gl=angle --use-angle=swiftshader --enable-unsafe-swiftshader --user-data-dir=/tmp/playwright_chromiumdev_profile-dkibwH --remote-debugging-pipe --no-startup-window[22m
    [2m  - <launched> pid=451[22m
    [2m  - [pid=451] <gracefully close start>[22m
    [2m  - [pid=451] <kill>[22m
    [2m  - [pid=451] <will force kill>[22m
    [2m  - [pid=451] exception while trying to kill process: Error: kill ESRCH[22m
    [2m  - [pid=451] <process did exit: exitCode=0, signal=null>[22m
    [2m  - [pid=451] starting temporary directories cleanup[22m
    [2m  - [pid=451] finished temporary directories cleanup[22m
    [2m  - [pid=451] <gracefully close end>[22m


    attachment #1: trace (application/zip) ─────────────────────────────────────────────────────────
    test-results/m01-adjustment-salvo-at-th-0b383-igin-and-follows-mouse-look/trace.zip
    Usage:

        npx playwright show-trace test-results/m01-adjustment-salvo-at-th-0b383-igin-and-follows-mouse-look/trace.zip

    ────────────────────────────────────────────────────────────────────────────────────────────────

  24) tests/browser/m01.spec.js:308:33 › adjustment salvo behind the truss restores its actual origin and follows mouse look 

    Error: browserType.launch: Target page, context or browser has been closed
    Browser logs:

    <launching> /tmp/chromium --disable-field-trial-config --disable-background-networking --disable-background-timer-throttling --disable-backgrounding-occluded-windows --disable-back-forward-cache --disable-breakpad --disable-client-side-phishing-detection --disable-component-extensions-with-background-pages --disable-component-update --no-default-browser-check --disable-default-apps --disable-dev-shm-usage --disable-extensions --disable-features=AvoidUnnecessaryBeforeUnloadCheckSync,BoundaryEventDispatchTracksNodeRemoval,DestroyProfileOnBrowserClose,DialMediaRouteProvider,GlobalMediaControls,HttpsUpgrades,LensOverlay,MediaRouter,PaintHolding,ThirdPartyStoragePartitioning,Translate,AutoDeElevate,RenderDocument,OptimizationHints --enable-features=CDPScreenshotNewSurface --allow-pre-commit-input --disable-hang-monitor --disable-ipc-flooding-protection --disable-popup-blocking --disable-prompt-on-repost --disable-renderer-backgrounding --force-color-profile=srgb --metrics-recording-only --no-first-run --password-store=basic --use-mock-keychain --no-service-autorun --export-tagged-pdf --disable-search-engine-choice-screen --unsafely-disable-devtools-self-xss-warnings --edge-skip-compat-layer-relaunch --enable-automation --disable-infobars --disable-search-engine-choice-screen --disable-sync --enable-unsafe-swiftshader --headless --hide-scrollbars --mute-audio --blink-settings=primaryHoverType=2,availableHoverTypes=2,primaryPointerType=4,availablePointerTypes=4 --no-sandbox --no-sandbox --disable-dev-shm-usage --use-gl=angle --use-angle=swiftshader --enable-unsafe-swiftshader --user-data-dir=/tmp/playwright_chromiumdev_profile-Q1AQAa --remote-debugging-pipe --no-startup-window
    <launched> pid=465
    Call log:
    [2m  - <launching> /tmp/chromium --disable-field-trial-config --disable-background-networking --disable-background-timer-throttling --disable-backgrounding-occluded-windows --disable-back-forward-cache --disable-breakpad --disable-client-side-phishing-detection --disable-component-extensions-with-background-pages --disable-component-update --no-default-browser-check --disable-default-apps --disable-dev-shm-usage --disable-extensions --disable-features=AvoidUnnecessaryBeforeUnloadCheckSync,BoundaryEventDispatchTracksNodeRemoval,DestroyProfileOnBrowserClose,DialMediaRouteProvider,GlobalMediaControls,HttpsUpgrades,LensOverlay,MediaRouter,PaintHolding,ThirdPartyStoragePartitioning,Translate,AutoDeElevate,RenderDocument,OptimizationHints --enable-features=CDPScreenshotNewSurface --allow-pre-commit-input --disable-hang-monitor --disable-ipc-flooding-protection --disable-popup-blocking --disable-prompt-on-repost --disable-renderer-backgrounding --force-color-profile=srgb --metrics-recording-only --no-first-run --password-store=basic --use-mock-keychain --no-service-autorun --export-tagged-pdf --disable-search-engine-choice-screen --unsafely-disable-devtools-self-xss-warnings --edge-skip-compat-layer-relaunch --enable-automation --disable-infobars --disable-search-engine-choice-screen --disable-sync --enable-unsafe-swiftshader --headless --hide-scrollbars --mute-audio --blink-settings=primaryHoverType=2,availableHoverTypes=2,primaryPointerType=4,availablePointerTypes=4 --no-sandbox --no-sandbox --disable-dev-shm-usage --use-gl=angle --use-angle=swiftshader --enable-unsafe-swiftshader --user-data-dir=/tmp/playwright_chromiumdev_profile-Q1AQAa --remote-debugging-pipe --no-startup-window[22m
    [2m  - <launched> pid=465[22m
    [2m  - [pid=465] <gracefully close start>[22m
    [2m  - [pid=465] <kill>[22m
    [2m  - [pid=465] <will force kill>[22m
    [2m  - [pid=465] exception while trying to kill process: Error: kill ESRCH[22m
    [2m  - [pid=465] <process did exit: exitCode=0, signal=null>[22m
    [2m  - [pid=465] starting temporary directories cleanup[22m
    [2m  - [pid=465] finished temporary directories cleanup[22m
    [2m  - [pid=465] <gracefully close end>[22m


    attachment #1: trace (application/zip) ─────────────────────────────────────────────────────────
    test-results/m01-adjustment-salvo-behin-454be-igin-and-follows-mouse-look/trace.zip
    Usage:

        npx playwright show-trace test-results/m01-adjustment-salvo-behin-454be-igin-and-follows-mouse-look/trace.zip

    ────────────────────────────────────────────────────────────────────────────────────────────────

  25) tests/browser/m01.spec.js:327:1 › demolition inside the road truss shows the actual bearing while mouse look remains free 

    Error: browserType.launch: Target page, context or browser has been closed
    Browser logs:

    <launching> /tmp/chromium --disable-field-trial-config --disable-background-networking --disable-background-timer-throttling --disable-backgrounding-occluded-windows --disable-back-forward-cache --disable-breakpad --disable-client-side-phishing-detection --disable-component-extensions-with-background-pages --disable-component-update --no-default-browser-check --disable-default-apps --disable-dev-shm-usage --disable-extensions --disable-features=AvoidUnnecessaryBeforeUnloadCheckSync,BoundaryEventDispatchTracksNodeRemoval,DestroyProfileOnBrowserClose,DialMediaRouteProvider,GlobalMediaControls,HttpsUpgrades,LensOverlay,MediaRouter,PaintHolding,ThirdPartyStoragePartitioning,Translate,AutoDeElevate,RenderDocument,OptimizationHints --enable-features=CDPScreenshotNewSurface --allow-pre-commit-input --disable-hang-monitor --disable-ipc-flooding-protection --disable-popup-blocking --disable-prompt-on-repost --disable-renderer-backgrounding --force-color-profile=srgb --metrics-recording-only --no-first-run --password-store=basic --use-mock-keychain --no-service-autorun --export-tagged-pdf --disable-search-engine-choice-screen --unsafely-disable-devtools-self-xss-warnings --edge-skip-compat-layer-relaunch --enable-automation --disable-infobars --disable-search-engine-choice-screen --disable-sync --enable-unsafe-swiftshader --headless --hide-scrollbars --mute-audio --blink-settings=primaryHoverType=2,availableHoverTypes=2,primaryPointerType=4,availablePointerTypes=4 --no-sandbox --no-sandbox --disable-dev-shm-usage --use-gl=angle --use-angle=swiftshader --enable-unsafe-swiftshader --user-data-dir=/tmp/playwright_chromiumdev_profile-JXEKJK --remote-debugging-pipe --no-startup-window
    <launched> pid=479
    Call log:
    [2m  - <launching> /tmp/chromium --disable-field-trial-config --disable-background-networking --disable-background-timer-throttling --disable-backgrounding-occluded-windows --disable-back-forward-cache --disable-breakpad --disable-client-side-phishing-detection --disable-component-extensions-with-background-pages --disable-component-update --no-default-browser-check --disable-default-apps --disable-dev-shm-usage --disable-extensions --disable-features=AvoidUnnecessaryBeforeUnloadCheckSync,BoundaryEventDispatchTracksNodeRemoval,DestroyProfileOnBrowserClose,DialMediaRouteProvider,GlobalMediaControls,HttpsUpgrades,LensOverlay,MediaRouter,PaintHolding,ThirdPartyStoragePartitioning,Translate,AutoDeElevate,RenderDocument,OptimizationHints --enable-features=CDPScreenshotNewSurface --allow-pre-commit-input --disable-hang-monitor --disable-ipc-flooding-protection --disable-popup-blocking --disable-prompt-on-repost --disable-renderer-backgrounding --force-color-profile=srgb --metrics-recording-only --no-first-run --password-store=basic --use-mock-keychain --no-service-autorun --export-tagged-pdf --disable-search-engine-choice-screen --unsafely-disable-devtools-self-xss-warnings --edge-skip-compat-layer-relaunch --enable-automation --disable-infobars --disable-search-engine-choice-screen --disable-sync --enable-unsafe-swiftshader --headless --hide-scrollbars --mute-audio --blink-settings=primaryHoverType=2,availableHoverTypes=2,primaryPointerType=4,availablePointerTypes=4 --no-sandbox --no-sandbox --disable-dev-shm-usage --use-gl=angle --use-angle=swiftshader --enable-unsafe-swiftshader --user-data-dir=/tmp/playwright_chromiumdev_profile-JXEKJK --remote-debugging-pipe --no-startup-window[22m
    [2m  - <launched> pid=479[22m
    [2m  - [pid=479] <gracefully close start>[22m
    [2m  - [pid=479] <kill>[22m
    [2m  - [pid=479] <will force kill>[22m
    [2m  - [pid=479] exception while trying to kill process: Error: kill ESRCH[22m
    [2m  - [pid=479] <process did exit: exitCode=0, signal=null>[22m
    [2m  - [pid=479] starting temporary directories cleanup[22m
    [2m  - [pid=479] finished temporary directories cleanup[22m
    [2m  - [pid=479] <gracefully close end>[22m


    attachment #1: trace (application/zip) ─────────────────────────────────────────────────────────
    test-results/m01-demolition-inside-the--ecd5c-ile-mouse-look-remains-free/trace.zip
    Usage:

        npx playwright show-trace test-results/m01-demolition-inside-the--ecd5c-ile-mouse-look-remains-free/trace.zip

    ────────────────────────────────────────────────────────────────────────────────────────────────

  26) tests/browser/m01.spec.js:353:1 › a genuine CP-D reload keeps east destruction and casualties, including restart and page reload 

    Error: browserType.launch: Target page, context or browser has been closed
    Browser logs:

    <launching> /tmp/chromium --disable-field-trial-config --disable-background-networking --disable-background-timer-throttling --disable-backgrounding-occluded-windows --disable-back-forward-cache --disable-breakpad --disable-client-side-phishing-detection --disable-component-extensions-with-background-pages --disable-component-update --no-default-browser-check --disable-default-apps --disable-dev-shm-usage --disable-extensions --disable-features=AvoidUnnecessaryBeforeUnloadCheckSync,BoundaryEventDispatchTracksNodeRemoval,DestroyProfileOnBrowserClose,DialMediaRouteProvider,GlobalMediaControls,HttpsUpgrades,LensOverlay,MediaRouter,PaintHolding,ThirdPartyStoragePartitioning,Translate,AutoDeElevate,RenderDocument,OptimizationHints --enable-features=CDPScreenshotNewSurface --allow-pre-commit-input --disable-hang-monitor --disable-ipc-flooding-protection --disable-popup-blocking --disable-prompt-on-repost --disable-renderer-backgrounding --force-color-profile=srgb --metrics-recording-only --no-first-run --password-store=basic --use-mock-keychain --no-service-autorun --export-tagged-pdf --disable-search-engine-choice-screen --unsafely-disable-devtools-self-xss-warnings --edge-skip-compat-layer-relaunch --enable-automation --disable-infobars --disable-search-engine-choice-screen --disable-sync --enable-unsafe-swiftshader --headless --hide-scrollbars --mute-audio --blink-settings=primaryHoverType=2,availableHoverTypes=2,primaryPointerType=4,availablePointerTypes=4 --no-sandbox --no-sandbox --disable-dev-shm-usage --use-gl=angle --use-angle=swiftshader --enable-unsafe-swiftshader --user-data-dir=/tmp/playwright_chromiumdev_profile-sZPYfR --remote-debugging-pipe --no-startup-window
    <launched> pid=493
    Call log:
    [2m  - <launching> /tmp/chromium --disable-field-trial-config --disable-background-networking --disable-background-timer-throttling --disable-backgrounding-occluded-windows --disable-back-forward-cache --disable-breakpad --disable-client-side-phishing-detection --disable-component-extensions-with-background-pages --disable-component-update --no-default-browser-check --disable-default-apps --disable-dev-shm-usage --disable-extensions --disable-features=AvoidUnnecessaryBeforeUnloadCheckSync,BoundaryEventDispatchTracksNodeRemoval,DestroyProfileOnBrowserClose,DialMediaRouteProvider,GlobalMediaControls,HttpsUpgrades,LensOverlay,MediaRouter,PaintHolding,ThirdPartyStoragePartitioning,Translate,AutoDeElevate,RenderDocument,OptimizationHints --enable-features=CDPScreenshotNewSurface --allow-pre-commit-input --disable-hang-monitor --disable-ipc-flooding-protection --disable-popup-blocking --disable-prompt-on-repost --disable-renderer-backgrounding --force-color-profile=srgb --metrics-recording-only --no-first-run --password-store=basic --use-mock-keychain --no-service-autorun --export-tagged-pdf --disable-search-engine-choice-screen --unsafely-disable-devtools-self-xss-warnings --edge-skip-compat-layer-relaunch --enable-automation --disable-infobars --disable-search-engine-choice-screen --disable-sync --enable-unsafe-swiftshader --headless --hide-scrollbars --mute-audio --blink-settings=primaryHoverType=2,availableHoverTypes=2,primaryPointerType=4,availablePointerTypes=4 --no-sandbox --no-sandbox --disable-dev-shm-usage --use-gl=angle --use-angle=swiftshader --enable-unsafe-swiftshader --user-data-dir=/tmp/playwright_chromiumdev_profile-sZPYfR --remote-debugging-pipe --no-startup-window[22m
    [2m  - <launched> pid=493[22m
    [2m  - [pid=493] <gracefully close start>[22m
    [2m  - [pid=493] <kill>[22m
    [2m  - [pid=493] <will force kill>[22m
    [2m  - [pid=493] exception while trying to kill process: Error: kill ESRCH[22m
    [2m  - [pid=493] <process did exit: exitCode=0, signal=null>[22m
    [2m  - [pid=493] starting temporary directories cleanup[22m
    [2m  - [pid=493] finished temporary directories cleanup[22m
    [2m  - [pid=493] <gracefully close end>[22m


    attachment #1: trace (application/zip) ─────────────────────────────────────────────────────────
    test-results/m01-a-genuine-CP-D-reload--60432-ing-restart-and-page-reload/trace.zip
    Usage:

        npx playwright show-trace test-results/m01-a-genuine-CP-D-reload--60432-ing-restart-and-page-reload/trace.zip

    ────────────────────────────────────────────────────────────────────────────────────────────────

  27) tests/browser/m01.spec.js:366:1 › the actual outro state can be skipped through the UI into the enabled historical debrief 

    Error: browserType.launch: Target page, context or browser has been closed
    Browser logs:

    <launching> /tmp/chromium --disable-field-trial-config --disable-background-networking --disable-background-timer-throttling --disable-backgrounding-occluded-windows --disable-back-forward-cache --disable-breakpad --disable-client-side-phishing-detection --disable-component-extensions-with-background-pages --disable-component-update --no-default-browser-check --disable-default-apps --disable-dev-shm-usage --disable-extensions --disable-features=AvoidUnnecessaryBeforeUnloadCheckSync,BoundaryEventDispatchTracksNodeRemoval,DestroyProfileOnBrowserClose,DialMediaRouteProvider,GlobalMediaControls,HttpsUpgrades,LensOverlay,MediaRouter,PaintHolding,ThirdPartyStoragePartitioning,Translate,AutoDeElevate,RenderDocument,OptimizationHints --enable-features=CDPScreenshotNewSurface --allow-pre-commit-input --disable-hang-monitor --disable-ipc-flooding-protection --disable-popup-blocking --disable-prompt-on-repost --disable-renderer-backgrounding --force-color-profile=srgb --metrics-recording-only --no-first-run --password-store=basic --use-mock-keychain --no-service-autorun --export-tagged-pdf --disable-search-engine-choice-screen --unsafely-disable-devtools-self-xss-warnings --edge-skip-compat-layer-relaunch --enable-automation --disable-infobars --disable-search-engine-choice-screen --disable-sync --enable-unsafe-swiftshader --headless --hide-scrollbars --mute-audio --blink-settings=primaryHoverType=2,availableHoverTypes=2,primaryPointerType=4,availablePointerTypes=4 --no-sandbox --no-sandbox --disable-dev-shm-usage --use-gl=angle --use-angle=swiftshader --enable-unsafe-swiftshader --user-data-dir=/tmp/playwright_chromiumdev_profile-TZXr27 --remote-debugging-pipe --no-startup-window
    <launched> pid=507
    Call log:
    [2m  - <launching> /tmp/chromium --disable-field-trial-config --disable-background-networking --disable-background-timer-throttling --disable-backgrounding-occluded-windows --disable-back-forward-cache --disable-breakpad --disable-client-side-phishing-detection --disable-component-extensions-with-background-pages --disable-component-update --no-default-browser-check --disable-default-apps --disable-dev-shm-usage --disable-extensions --disable-features=AvoidUnnecessaryBeforeUnloadCheckSync,BoundaryEventDispatchTracksNodeRemoval,DestroyProfileOnBrowserClose,DialMediaRouteProvider,GlobalMediaControls,HttpsUpgrades,LensOverlay,MediaRouter,PaintHolding,ThirdPartyStoragePartitioning,Translate,AutoDeElevate,RenderDocument,OptimizationHints --enable-features=CDPScreenshotNewSurface --allow-pre-commit-input --disable-hang-monitor --disable-ipc-flooding-protection --disable-popup-blocking --disable-prompt-on-repost --disable-renderer-backgrounding --force-color-profile=srgb --metrics-recording-only --no-first-run --password-store=basic --use-mock-keychain --no-service-autorun --export-tagged-pdf --disable-search-engine-choice-screen --unsafely-disable-devtools-self-xss-warnings --edge-skip-compat-layer-relaunch --enable-automation --disable-infobars --disable-search-engine-choice-screen --disable-sync --enable-unsafe-swiftshader --headless --hide-scrollbars --mute-audio --blink-settings=primaryHoverType=2,availableHoverTypes=2,primaryPointerType=4,availablePointerTypes=4 --no-sandbox --no-sandbox --disable-dev-shm-usage --use-gl=angle --use-angle=swiftshader --enable-unsafe-swiftshader --user-data-dir=/tmp/playwright_chromiumdev_profile-TZXr27 --remote-debugging-pipe --no-startup-window[22m
    [2m  - <launched> pid=507[22m
    [2m  - [pid=507] <gracefully close start>[22m
    [2m  - [pid=507] <kill>[22m
    [2m  - [pid=507] <will force kill>[22m
    [2m  - [pid=507] exception while trying to kill process: Error: kill ESRCH[22m
    [2m  - [pid=507] <process did exit: exitCode=0, signal=null>[22m
    [2m  - [pid=507] starting temporary directories cleanup[22m
    [2m  - [pid=507] finished temporary directories cleanup[22m
    [2m  - [pid=507] <gracefully close end>[22m


    attachment #1: trace (application/zip) ─────────────────────────────────────────────────────────
    test-results/m01-the-actual-outro-state-52495--enabled-historical-debrief/trace.zip
    Usage:

        npx playwright show-trace test-results/m01-the-actual-outro-state-52495--enabled-historical-debrief/trace.zip

    ────────────────────────────────────────────────────────────────────────────────────────────────

  28) tests/browser/m01.spec.js:376:1 › German fire on the repair is drawn from the Lisewo gates and the HUD status line is the simulation state 

    Error: browserType.launch: Target page, context or browser has been closed
    Browser logs:

    <launching> /tmp/chromium --disable-field-trial-config --disable-background-networking --disable-background-timer-throttling --disable-backgrounding-occluded-windows --disable-back-forward-cache --disable-breakpad --disable-client-side-phishing-detection --disable-component-extensions-with-background-pages --disable-component-update --no-default-browser-check --disable-default-apps --disable-dev-shm-usage --disable-extensions --disable-features=AvoidUnnecessaryBeforeUnloadCheckSync,BoundaryEventDispatchTracksNodeRemoval,DestroyProfileOnBrowserClose,DialMediaRouteProvider,GlobalMediaControls,HttpsUpgrades,LensOverlay,MediaRouter,PaintHolding,ThirdPartyStoragePartitioning,Translate,AutoDeElevate,RenderDocument,OptimizationHints --enable-features=CDPScreenshotNewSurface --allow-pre-commit-input --disable-hang-monitor --disable-ipc-flooding-protection --disable-popup-blocking --disable-prompt-on-repost --disable-renderer-backgrounding --force-color-profile=srgb --metrics-recording-only --no-first-run --password-store=basic --use-mock-keychain --no-service-autorun --export-tagged-pdf --disable-search-engine-choice-screen --unsafely-disable-devtools-self-xss-warnings --edge-skip-compat-layer-relaunch --enable-automation --disable-infobars --disable-search-engine-choice-screen --disable-sync --enable-unsafe-swiftshader --headless --hide-scrollbars --mute-audio --blink-settings=primaryHoverType=2,availableHoverTypes=2,primaryPointerType=4,availablePointerTypes=4 --no-sandbox --no-sandbox --disable-dev-shm-usage --use-gl=angle --use-angle=swiftshader --enable-unsafe-swiftshader --user-data-dir=/tmp/playwright_chromiumdev_profile-zMbmEE --remote-debugging-pipe --no-startup-window
    <launched> pid=521
    Call log:
    [2m  - <launching> /tmp/chromium --disable-field-trial-config --disable-background-networking --disable-background-timer-throttling --disable-backgrounding-occluded-windows --disable-back-forward-cache --disable-breakpad --disable-client-side-phishing-detection --disable-component-extensions-with-background-pages --disable-component-update --no-default-browser-check --disable-default-apps --disable-dev-shm-usage --disable-extensions --disable-features=AvoidUnnecessaryBeforeUnloadCheckSync,BoundaryEventDispatchTracksNodeRemoval,DestroyProfileOnBrowserClose,DialMediaRouteProvider,GlobalMediaControls,HttpsUpgrades,LensOverlay,MediaRouter,PaintHolding,ThirdPartyStoragePartitioning,Translate,AutoDeElevate,RenderDocument,OptimizationHints --enable-features=CDPScreenshotNewSurface --allow-pre-commit-input --disable-hang-monitor --disable-ipc-flooding-protection --disable-popup-blocking --disable-prompt-on-repost --disable-renderer-backgrounding --force-color-profile=srgb --metrics-recording-only --no-first-run --password-store=basic --use-mock-keychain --no-service-autorun --export-tagged-pdf --disable-search-engine-choice-screen --unsafely-disable-devtools-self-xss-warnings --edge-skip-compat-layer-relaunch --enable-automation --disable-infobars --disable-search-engine-choice-screen --disable-sync --enable-unsafe-swiftshader --headless --hide-scrollbars --mute-audio --blink-settings=primaryHoverType=2,availableHoverTypes=2,primaryPointerType=4,availablePointerTypes=4 --no-sandbox --no-sandbox --disable-dev-shm-usage --use-gl=angle --use-angle=swiftshader --enable-unsafe-swiftshader --user-data-dir=/tmp/playwright_chromiumdev_profile-zMbmEE --remote-debugging-pipe --no-startup-window[22m
    [2m  - <launched> pid=521[22m
    [2m  - [pid=521] <gracefully close start>[22m
    [2m  - [pid=521] <kill>[22m
    [2m  - [pid=521] <will force kill>[22m
    [2m  - [pid=521] exception while trying to kill process: Error: kill ESRCH[22m
    [2m  - [pid=521] <process did exit: exitCode=0, signal=null>[22m
    [2m  - [pid=521] starting temporary directories cleanup[22m
    [2m  - [pid=521] finished temporary directories cleanup[22m
    [2m  - [pid=521] <gracefully close end>[22m


    attachment #1: trace (application/zip) ─────────────────────────────────────────────────────────
    test-results/m01-German-fire-on-the-rep-7588e-ine-is-the-simulation-state/trace.zip
    Usage:

        npx playwright show-trace test-results/m01-German-fire-on-the-rep-7588e-ine-is-the-simulation-state/trace.zip

    ────────────────────────────────────────────────────────────────────────────────────────────────

  29) tests/browser/m01.spec.js:398:1 › the genuine train 963 and both MG34 fire sources use optional GLBs, light instances and reproducible pause/restart 

    Error: browserType.launch: Target page, context or browser has been closed
    Browser logs:

    <launching> /tmp/chromium --disable-field-trial-config --disable-background-networking --disable-background-timer-throttling --disable-backgrounding-occluded-windows --disable-back-forward-cache --disable-breakpad --disable-client-side-phishing-detection --disable-component-extensions-with-background-pages --disable-component-update --no-default-browser-check --disable-default-apps --disable-dev-shm-usage --disable-extensions --disable-features=AvoidUnnecessaryBeforeUnloadCheckSync,BoundaryEventDispatchTracksNodeRemoval,DestroyProfileOnBrowserClose,DialMediaRouteProvider,GlobalMediaControls,HttpsUpgrades,LensOverlay,MediaRouter,PaintHolding,ThirdPartyStoragePartitioning,Translate,AutoDeElevate,RenderDocument,OptimizationHints --enable-features=CDPScreenshotNewSurface --allow-pre-commit-input --disable-hang-monitor --disable-ipc-flooding-protection --disable-popup-blocking --disable-prompt-on-repost --disable-renderer-backgrounding --force-color-profile=srgb --metrics-recording-only --no-first-run --password-store=basic --use-mock-keychain --no-service-autorun --export-tagged-pdf --disable-search-engine-choice-screen --unsafely-disable-devtools-self-xss-warnings --edge-skip-compat-layer-relaunch --enable-automation --disable-infobars --disable-search-engine-choice-screen --disable-sync --enable-unsafe-swiftshader --headless --hide-scrollbars --mute-audio --blink-settings=primaryHoverType=2,availableHoverTypes=2,primaryPointerType=4,availablePointerTypes=4 --no-sandbox --no-sandbox --disable-dev-shm-usage --use-gl=angle --use-angle=swiftshader --enable-unsafe-swiftshader --user-data-dir=/tmp/playwright_chromiumdev_profile-sT1Zqr --remote-debugging-pipe --no-startup-window
    <launched> pid=535
    Call log:
    [2m  - <launching> /tmp/chromium --disable-field-trial-config --disable-background-networking --disable-background-timer-throttling --disable-backgrounding-occluded-windows --disable-back-forward-cache --disable-breakpad --disable-client-side-phishing-detection --disable-component-extensions-with-background-pages --disable-component-update --no-default-browser-check --disable-default-apps --disable-dev-shm-usage --disable-extensions --disable-features=AvoidUnnecessaryBeforeUnloadCheckSync,BoundaryEventDispatchTracksNodeRemoval,DestroyProfileOnBrowserClose,DialMediaRouteProvider,GlobalMediaControls,HttpsUpgrades,LensOverlay,MediaRouter,PaintHolding,ThirdPartyStoragePartitioning,Translate,AutoDeElevate,RenderDocument,OptimizationHints --enable-features=CDPScreenshotNewSurface --allow-pre-commit-input --disable-hang-monitor --disable-ipc-flooding-protection --disable-popup-blocking --disable-prompt-on-repost --disable-renderer-backgrounding --force-color-profile=srgb --metrics-recording-only --no-first-run --password-store=basic --use-mock-keychain --no-service-autorun --export-tagged-pdf --disable-search-engine-choice-screen --unsafely-disable-devtools-self-xss-warnings --edge-skip-compat-layer-relaunch --enable-automation --disable-infobars --disable-search-engine-choice-screen --disable-sync --enable-unsafe-swiftshader --headless --hide-scrollbars --mute-audio --blink-settings=primaryHoverType=2,availableHoverTypes=2,primaryPointerType=4,availablePointerTypes=4 --no-sandbox --no-sandbox --disable-dev-shm-usage --use-gl=angle --use-angle=swiftshader --enable-unsafe-swiftshader --user-data-dir=/tmp/playwright_chromiumdev_profile-sT1Zqr --remote-debugging-pipe --no-startup-window[22m
    [2m  - <launched> pid=535[22m
    [2m  - [pid=535] <gracefully close start>[22m
    [2m  - [pid=535] <kill>[22m
    [2m  - [pid=535] <will force kill>[22m
    [2m  - [pid=535] exception while trying to kill process: Error: kill ESRCH[22m
    [2m  - [pid=535] <process did exit: exitCode=0, signal=null>[22m
    [2m  - [pid=535] starting temporary directories cleanup[22m
    [2m  - [pid=535] finished temporary directories cleanup[22m
    [2m  - [pid=535] <gracefully close end>[22m


    attachment #1: trace (application/zip) ─────────────────────────────────────────────────────────
    test-results/m01-the-genuine-train-963--b3fba--reproducible-pause-restart/trace.zip
    Usage:

        npx playwright show-trace test-results/m01-the-genuine-train-963--b3fba--reproducible-pause-restart/trace.zip

    ────────────────────────────────────────────────────────────────────────────────────────────────

  30) tests/browser/m01.spec.js:429:1 › schema-2 continuation keeps the older CP-A on the real Restart checkpoint button 

    Error: browserType.launch: Target page, context or browser has been closed
    Browser logs:

    <launching> /tmp/chromium --disable-field-trial-config --disable-background-networking --disable-background-timer-throttling --disable-backgrounding-occluded-windows --disable-back-forward-cache --disable-breakpad --disable-client-side-phishing-detection --disable-component-extensions-with-background-pages --disable-component-update --no-default-browser-check --disable-default-apps --disable-dev-shm-usage --disable-extensions --disable-features=AvoidUnnecessaryBeforeUnloadCheckSync,BoundaryEventDispatchTracksNodeRemoval,DestroyProfileOnBrowserClose,DialMediaRouteProvider,GlobalMediaControls,HttpsUpgrades,LensOverlay,MediaRouter,PaintHolding,ThirdPartyStoragePartitioning,Translate,AutoDeElevate,RenderDocument,OptimizationHints --enable-features=CDPScreenshotNewSurface --allow-pre-commit-input --disable-hang-monitor --disable-ipc-flooding-protection --disable-popup-blocking --disable-prompt-on-repost --disable-renderer-backgrounding --force-color-profile=srgb --metrics-recording-only --no-first-run --password-store=basic --use-mock-keychain --no-service-autorun --export-tagged-pdf --disable-search-engine-choice-screen --unsafely-disable-devtools-self-xss-warnings --edge-skip-compat-layer-relaunch --enable-automation --disable-infobars --disable-search-engine-choice-screen --disable-sync --enable-unsafe-swiftshader --headless --hide-scrollbars --mute-audio --blink-settings=primaryHoverType=2,availableHoverTypes=2,primaryPointerType=4,availablePointerTypes=4 --no-sandbox --no-sandbox --disable-dev-shm-usage --use-gl=angle --use-angle=swiftshader --enable-unsafe-swiftshader --user-data-dir=/tmp/playwright_chromiumdev_profile-7AZzj7 --remote-debugging-pipe --no-startup-window
    <launched> pid=549
    Call log:
    [2m  - <launching> /tmp/chromium --disable-field-trial-config --disable-background-networking --disable-background-timer-throttling --disable-backgrounding-occluded-windows --disable-back-forward-cache --disable-breakpad --disable-client-side-phishing-detection --disable-component-extensions-with-background-pages --disable-component-update --no-default-browser-check --disable-default-apps --disable-dev-shm-usage --disable-extensions --disable-features=AvoidUnnecessaryBeforeUnloadCheckSync,BoundaryEventDispatchTracksNodeRemoval,DestroyProfileOnBrowserClose,DialMediaRouteProvider,GlobalMediaControls,HttpsUpgrades,LensOverlay,MediaRouter,PaintHolding,ThirdPartyStoragePartitioning,Translate,AutoDeElevate,RenderDocument,OptimizationHints --enable-features=CDPScreenshotNewSurface --allow-pre-commit-input --disable-hang-monitor --disable-ipc-flooding-protection --disable-popup-blocking --disable-prompt-on-repost --disable-renderer-backgrounding --force-color-profile=srgb --metrics-recording-only --no-first-run --password-store=basic --use-mock-keychain --no-service-autorun --export-tagged-pdf --disable-search-engine-choice-screen --unsafely-disable-devtools-self-xss-warnings --edge-skip-compat-layer-relaunch --enable-automation --disable-infobars --disable-search-engine-choice-screen --disable-sync --enable-unsafe-swiftshader --headless --hide-scrollbars --mute-audio --blink-settings=primaryHoverType=2,availableHoverTypes=2,primaryPointerType=4,availablePointerTypes=4 --no-sandbox --no-sandbox --disable-dev-shm-usage --use-gl=angle --use-angle=swiftshader --enable-unsafe-swiftshader --user-data-dir=/tmp/playwright_chromiumdev_profile-7AZzj7 --remote-debugging-pipe --no-startup-window[22m
    [2m  - <launched> pid=549[22m
    [2m  - [pid=549] <gracefully close start>[22m
    [2m  - [pid=549] <kill>[22m
    [2m  - [pid=549] <will force kill>[22m
    [2m  - [pid=549] exception while trying to kill process: Error: kill ESRCH[22m
    [2m  - [pid=549] <process did exit: exitCode=0, signal=null>[22m
    [2m  - [pid=549] starting temporary directories cleanup[22m
    [2m  - [pid=549] finished temporary directories cleanup[22m
    [2m  - [pid=549] <gracefully close end>[22m


    attachment #1: trace (application/zip) ─────────────────────────────────────────────────────────
    test-results/m01-schema-2-continuation--fbdac-l-Restart-checkpoint-button/trace.zip
    Usage:

        npx playwright show-trace test-results/m01-schema-2-continuation--fbdac-l-Restart-checkpoint-button/trace.zip

    ────────────────────────────────────────────────────────────────────────────────────────────────

  31) tests/browser/m01.spec.js:447:1 › missing optional wagon models and MG34 clips preserve 65 proxies, both procedural supports and playable M01 

    Error: browserType.launch: Target page, context or browser has been closed
    Browser logs:

    <launching> /tmp/chromium --disable-field-trial-config --disable-background-networking --disable-background-timer-throttling --disable-backgrounding-occluded-windows --disable-back-forward-cache --disable-breakpad --disable-client-side-phishing-detection --disable-component-extensions-with-background-pages --disable-component-update --no-default-browser-check --disable-default-apps --disable-dev-shm-usage --disable-extensions --disable-features=AvoidUnnecessaryBeforeUnloadCheckSync,BoundaryEventDispatchTracksNodeRemoval,DestroyProfileOnBrowserClose,DialMediaRouteProvider,GlobalMediaControls,HttpsUpgrades,LensOverlay,MediaRouter,PaintHolding,ThirdPartyStoragePartitioning,Translate,AutoDeElevate,RenderDocument,OptimizationHints --enable-features=CDPScreenshotNewSurface --allow-pre-commit-input --disable-hang-monitor --disable-ipc-flooding-protection --disable-popup-blocking --disable-prompt-on-repost --disable-renderer-backgrounding --force-color-profile=srgb --metrics-recording-only --no-first-run --password-store=basic --use-mock-keychain --no-service-autorun --export-tagged-pdf --disable-search-engine-choice-screen --unsafely-disable-devtools-self-xss-warnings --edge-skip-compat-layer-relaunch --enable-automation --disable-infobars --disable-search-engine-choice-screen --disable-sync --enable-unsafe-swiftshader --headless --hide-scrollbars --mute-audio --blink-settings=primaryHoverType=2,availableHoverTypes=2,primaryPointerType=4,availablePointerTypes=4 --no-sandbox --no-sandbox --disable-dev-shm-usage --use-gl=angle --use-angle=swiftshader --enable-unsafe-swiftshader --user-data-dir=/tmp/playwright_chromiumdev_profile-PMp6J1 --remote-debugging-pipe --no-startup-window
    <launched> pid=563
    Call log:
    [2m  - <launching> /tmp/chromium --disable-field-trial-config --disable-background-networking --disable-background-timer-throttling --disable-backgrounding-occluded-windows --disable-back-forward-cache --disable-breakpad --disable-client-side-phishing-detection --disable-component-extensions-with-background-pages --disable-component-update --no-default-browser-check --disable-default-apps --disable-dev-shm-usage --disable-extensions --disable-features=AvoidUnnecessaryBeforeUnloadCheckSync,BoundaryEventDispatchTracksNodeRemoval,DestroyProfileOnBrowserClose,DialMediaRouteProvider,GlobalMediaControls,HttpsUpgrades,LensOverlay,MediaRouter,PaintHolding,ThirdPartyStoragePartitioning,Translate,AutoDeElevate,RenderDocument,OptimizationHints --enable-features=CDPScreenshotNewSurface --allow-pre-commit-input --disable-hang-monitor --disable-ipc-flooding-protection --disable-popup-blocking --disable-prompt-on-repost --disable-renderer-backgrounding --force-color-profile=srgb --metrics-recording-only --no-first-run --password-store=basic --use-mock-keychain --no-service-autorun --export-tagged-pdf --disable-search-engine-choice-screen --unsafely-disable-devtools-self-xss-warnings --edge-skip-compat-layer-relaunch --enable-automation --disable-infobars --disable-search-engine-choice-screen --disable-sync --enable-unsafe-swiftshader --headless --hide-scrollbars --mute-audio --blink-settings=primaryHoverType=2,availableHoverTypes=2,primaryPointerType=4,availablePointerTypes=4 --no-sandbox --no-sandbox --disable-dev-shm-usage --use-gl=angle --use-angle=swiftshader --enable-unsafe-swiftshader --user-data-dir=/tmp/playwright_chromiumdev_profile-PMp6J1 --remote-debugging-pipe --no-startup-window[22m
    [2m  - <launched> pid=563[22m
    [2m  - [pid=563] <gracefully close start>[22m
    [2m  - [pid=563] <kill>[22m
    [2m  - [pid=563] <will force kill>[22m
    [2m  - [pid=563] exception while trying to kill process: Error: kill ESRCH[22m
    [2m  - [pid=563] <process did exit: exitCode=0, signal=null>[22m
    [2m  - [pid=563] starting temporary directories cleanup[22m
    [2m  - [pid=563] finished temporary directories cleanup[22m
    [2m  - [pid=563] <gracefully close end>[22m


    attachment #1: trace (application/zip) ─────────────────────────────────────────────────────────
    test-results/m01-missing-optional-wagon-84b2d-l-supports-and-playable-M01/trace.zip
    Usage:

        npx playwright show-trace test-results/m01-missing-optional-wagon-84b2d-l-supports-and-playable-M01/trace.zip

    ────────────────────────────────────────────────────────────────────────────────────────────────

  32) tests/browser/m01.spec.js:459:1 › the real roll-call snapshot renders seated actors and keeps their pose after page reload 

    Error: browserType.launch: Target page, context or browser has been closed
    Browser logs:

    <launching> /tmp/chromium --disable-field-trial-config --disable-background-networking --disable-background-timer-throttling --disable-backgrounding-occluded-windows --disable-back-forward-cache --disable-breakpad --disable-client-side-phishing-detection --disable-component-extensions-with-background-pages --disable-component-update --no-default-browser-check --disable-default-apps --disable-dev-shm-usage --disable-extensions --disable-features=AvoidUnnecessaryBeforeUnloadCheckSync,BoundaryEventDispatchTracksNodeRemoval,DestroyProfileOnBrowserClose,DialMediaRouteProvider,GlobalMediaControls,HttpsUpgrades,LensOverlay,MediaRouter,PaintHolding,ThirdPartyStoragePartitioning,Translate,AutoDeElevate,RenderDocument,OptimizationHints --enable-features=CDPScreenshotNewSurface --allow-pre-commit-input --disable-hang-monitor --disable-ipc-flooding-protection --disable-popup-blocking --disable-prompt-on-repost --disable-renderer-backgrounding --force-color-profile=srgb --metrics-recording-only --no-first-run --password-store=basic --use-mock-keychain --no-service-autorun --export-tagged-pdf --disable-search-engine-choice-screen --unsafely-disable-devtools-self-xss-warnings --edge-skip-compat-layer-relaunch --enable-automation --disable-infobars --disable-search-engine-choice-screen --disable-sync --enable-unsafe-swiftshader --headless --hide-scrollbars --mute-audio --blink-settings=primaryHoverType=2,availableHoverTypes=2,primaryPointerType=4,availablePointerTypes=4 --no-sandbox --no-sandbox --disable-dev-shm-usage --use-gl=angle --use-angle=swiftshader --enable-unsafe-swiftshader --user-data-dir=/tmp/playwright_chromiumdev_profile-920RDn --remote-debugging-pipe --no-startup-window
    <launched> pid=577
    Call log:
    [2m  - <launching> /tmp/chromium --disable-field-trial-config --disable-background-networking --disable-background-timer-throttling --disable-backgrounding-occluded-windows --disable-back-forward-cache --disable-breakpad --disable-client-side-phishing-detection --disable-component-extensions-with-background-pages --disable-component-update --no-default-browser-check --disable-default-apps --disable-dev-shm-usage --disable-extensions --disable-features=AvoidUnnecessaryBeforeUnloadCheckSync,BoundaryEventDispatchTracksNodeRemoval,DestroyProfileOnBrowserClose,DialMediaRouteProvider,GlobalMediaControls,HttpsUpgrades,LensOverlay,MediaRouter,PaintHolding,ThirdPartyStoragePartitioning,Translate,AutoDeElevate,RenderDocument,OptimizationHints --enable-features=CDPScreenshotNewSurface --allow-pre-commit-input --disable-hang-monitor --disable-ipc-flooding-protection --disable-popup-blocking --disable-prompt-on-repost --disable-renderer-backgrounding --force-color-profile=srgb --metrics-recording-only --no-first-run --password-store=basic --use-mock-keychain --no-service-autorun --export-tagged-pdf --disable-search-engine-choice-screen --unsafely-disable-devtools-self-xss-warnings --edge-skip-compat-layer-relaunch --enable-automation --disable-infobars --disable-search-engine-choice-screen --disable-sync --enable-unsafe-swiftshader --headless --hide-scrollbars --mute-audio --blink-settings=primaryHoverType=2,availableHoverTypes=2,primaryPointerType=4,availablePointerTypes=4 --no-sandbox --no-sandbox --disable-dev-shm-usage --use-gl=angle --use-angle=swiftshader --enable-unsafe-swiftshader --user-data-dir=/tmp/playwright_chromiumdev_profile-920RDn --remote-debugging-pipe --no-startup-window[22m
    [2m  - <launched> pid=577[22m
    [2m  - [pid=577] <gracefully close start>[22m
    [2m  - [pid=577] <kill>[22m
    [2m  - [pid=577] <will force kill>[22m
    [2m  - [pid=577] exception while trying to kill process: Error: kill ESRCH[22m
    [2m  - [pid=577] <process did exit: exitCode=0, signal=null>[22m
    [2m  - [pid=577] starting temporary directories cleanup[22m
    [2m  - [pid=577] finished temporary directories cleanup[22m
    [2m  - [pid=577] <gracefully close end>[22m


    attachment #1: trace (application/zip) ─────────────────────────────────────────────────────────
    test-results/m01-the-real-roll-call-sna-ccc92-heir-pose-after-page-reload/trace.zip
    Usage:

        npx playwright show-trace test-results/m01-the-real-roll-call-sna-ccc92-heir-pose-after-page-reload/trace.zip

    ────────────────────────────────────────────────────────────────────────────────────────────────

  33) tests/browser/m01.spec.js:471:1 › a real withdrawal continuation loses men only to rounds from the spans, keeps the twelve-survivor floor and shows the count in the HUD 

    Error: browserType.launch: Target page, context or browser has been closed
    Browser logs:

    <launching> /tmp/chromium --disable-field-trial-config --disable-background-networking --disable-background-timer-throttling --disable-backgrounding-occluded-windows --disable-back-forward-cache --disable-breakpad --disable-client-side-phishing-detection --disable-component-extensions-with-background-pages --disable-component-update --no-default-browser-check --disable-default-apps --disable-dev-shm-usage --disable-extensions --disable-features=AvoidUnnecessaryBeforeUnloadCheckSync,BoundaryEventDispatchTracksNodeRemoval,DestroyProfileOnBrowserClose,DialMediaRouteProvider,GlobalMediaControls,HttpsUpgrades,LensOverlay,MediaRouter,PaintHolding,ThirdPartyStoragePartitioning,Translate,AutoDeElevate,RenderDocument,OptimizationHints --enable-features=CDPScreenshotNewSurface --allow-pre-commit-input --disable-hang-monitor --disable-ipc-flooding-protection --disable-popup-blocking --disable-prompt-on-repost --disable-renderer-backgrounding --force-color-profile=srgb --metrics-recording-only --no-first-run --password-store=basic --use-mock-keychain --no-service-autorun --export-tagged-pdf --disable-search-engine-choice-screen --unsafely-disable-devtools-self-xss-warnings --edge-skip-compat-layer-relaunch --enable-automation --disable-infobars --disable-search-engine-choice-screen --disable-sync --enable-unsafe-swiftshader --headless --hide-scrollbars --mute-audio --blink-settings=primaryHoverType=2,availableHoverTypes=2,primaryPointerType=4,availablePointerTypes=4 --no-sandbox --no-sandbox --disable-dev-shm-usage --use-gl=angle --use-angle=swiftshader --enable-unsafe-swiftshader --user-data-dir=/tmp/playwright_chromiumdev_profile-9KW8Fi --remote-debugging-pipe --no-startup-window
    <launched> pid=591
    Call log:
    [2m  - <launching> /tmp/chromium --disable-field-trial-config --disable-background-networking --disable-background-timer-throttling --disable-backgrounding-occluded-windows --disable-back-forward-cache --disable-breakpad --disable-client-side-phishing-detection --disable-component-extensions-with-background-pages --disable-component-update --no-default-browser-check --disable-default-apps --disable-dev-shm-usage --disable-extensions --disable-features=AvoidUnnecessaryBeforeUnloadCheckSync,BoundaryEventDispatchTracksNodeRemoval,DestroyProfileOnBrowserClose,DialMediaRouteProvider,GlobalMediaControls,HttpsUpgrades,LensOverlay,MediaRouter,PaintHolding,ThirdPartyStoragePartitioning,Translate,AutoDeElevate,RenderDocument,OptimizationHints --enable-features=CDPScreenshotNewSurface --allow-pre-commit-input --disable-hang-monitor --disable-ipc-flooding-protection --disable-popup-blocking --disable-prompt-on-repost --disable-renderer-backgrounding --force-color-profile=srgb --metrics-recording-only --no-first-run --password-store=basic --use-mock-keychain --no-service-autorun --export-tagged-pdf --disable-search-engine-choice-screen --unsafely-disable-devtools-self-xss-warnings --edge-skip-compat-layer-relaunch --enable-automation --disable-infobars --disable-search-engine-choice-screen --disable-sync --enable-unsafe-swiftshader --headless --hide-scrollbars --mute-audio --blink-settings=primaryHoverType=2,availableHoverTypes=2,primaryPointerType=4,availablePointerTypes=4 --no-sandbox --no-sandbox --disable-dev-shm-usage --use-gl=angle --use-angle=swiftshader --enable-unsafe-swiftshader --user-data-dir=/tmp/playwright_chromiumdev_profile-9KW8Fi --remote-debugging-pipe --no-startup-window[22m
    [2m  - <launched> pid=591[22m
    [2m  - [pid=591] <gracefully close start>[22m
    [2m  - [pid=591] <kill>[22m
    [2m  - [pid=591] <will force kill>[22m
    [2m  - [pid=591] exception while trying to kill process: Error: kill ESRCH[22m
    [2m  - [pid=591] <process did exit: exitCode=0, signal=null>[22m
    [2m  - [pid=591] starting temporary directories cleanup[22m
    [2m  - [pid=591] finished temporary directories cleanup[22m
    [2m  - [pid=591] <gracefully close end>[22m


    attachment #1: trace (application/zip) ─────────────────────────────────────────────────────────
    test-results/m01-a-real-withdrawal-cont-5b976--shows-the-count-in-the-HUD/trace.zip
    Usage:

        npx playwright show-trace test-results/m01-a-real-withdrawal-cont-5b976--shows-the-count-in-the-HUD/trace.zip

    ────────────────────────────────────────────────────────────────────────────────────────────────

  34) tests/browser/m01.spec.js:492:1 › a failed M01 bridge load prevents an invisible bridge; the French sandbox remains selectable 

    Error: browserType.launch: Target page, context or browser has been closed
    Browser logs:

    <launching> /tmp/chromium --disable-field-trial-config --disable-background-networking --disable-background-timer-throttling --disable-backgrounding-occluded-windows --disable-back-forward-cache --disable-breakpad --disable-client-side-phishing-detection --disable-component-extensions-with-background-pages --disable-component-update --no-default-browser-check --disable-default-apps --disable-dev-shm-usage --disable-extensions --disable-features=AvoidUnnecessaryBeforeUnloadCheckSync,BoundaryEventDispatchTracksNodeRemoval,DestroyProfileOnBrowserClose,DialMediaRouteProvider,GlobalMediaControls,HttpsUpgrades,LensOverlay,MediaRouter,PaintHolding,ThirdPartyStoragePartitioning,Translate,AutoDeElevate,RenderDocument,OptimizationHints --enable-features=CDPScreenshotNewSurface --allow-pre-commit-input --disable-hang-monitor --disable-ipc-flooding-protection --disable-popup-blocking --disable-prompt-on-repost --disable-renderer-backgrounding --force-color-profile=srgb --metrics-recording-only --no-first-run --password-store=basic --use-mock-keychain --no-service-autorun --export-tagged-pdf --disable-search-engine-choice-screen --unsafely-disable-devtools-self-xss-warnings --edge-skip-compat-layer-relaunch --enable-automation --disable-infobars --disable-search-engine-choice-screen --disable-sync --enable-unsafe-swiftshader --headless --hide-scrollbars --mute-audio --blink-settings=primaryHoverType=2,availableHoverTypes=2,primaryPointerType=4,availablePointerTypes=4 --no-sandbox --no-sandbox --disable-dev-shm-usage --use-gl=angle --use-angle=swiftshader --enable-unsafe-swiftshader --user-data-dir=/tmp/playwright_chromiumdev_profile-uy7qNv --remote-debugging-pipe --no-startup-window
    <launched> pid=605
    Call log:
    [2m  - <launching> /tmp/chromium --disable-field-trial-config --disable-background-networking --disable-background-timer-throttling --disable-backgrounding-occluded-windows --disable-back-forward-cache --disable-breakpad --disable-client-side-phishing-detection --disable-component-extensions-with-background-pages --disable-component-update --no-default-browser-check --disable-default-apps --disable-dev-shm-usage --disable-extensions --disable-features=AvoidUnnecessaryBeforeUnloadCheckSync,BoundaryEventDispatchTracksNodeRemoval,DestroyProfileOnBrowserClose,DialMediaRouteProvider,GlobalMediaControls,HttpsUpgrades,LensOverlay,MediaRouter,PaintHolding,ThirdPartyStoragePartitioning,Translate,AutoDeElevate,RenderDocument,OptimizationHints --enable-features=CDPScreenshotNewSurface --allow-pre-commit-input --disable-hang-monitor --disable-ipc-flooding-protection --disable-popup-blocking --disable-prompt-on-repost --disable-renderer-backgrounding --force-color-profile=srgb --metrics-recording-only --no-first-run --password-store=basic --use-mock-keychain --no-service-autorun --export-tagged-pdf --disable-search-engine-choice-screen --unsafely-disable-devtools-self-xss-warnings --edge-skip-compat-layer-relaunch --enable-automation --disable-infobars --disable-search-engine-choice-screen --disable-sync --enable-unsafe-swiftshader --headless --hide-scrollbars --mute-audio --blink-settings=primaryHoverType=2,availableHoverTypes=2,primaryPointerType=4,availablePointerTypes=4 --no-sandbox --no-sandbox --disable-dev-shm-usage --use-gl=angle --use-angle=swiftshader --enable-unsafe-swiftshader --user-data-dir=/tmp/playwright_chromiumdev_profile-uy7qNv --remote-debugging-pipe --no-startup-window[22m
    [2m  - <launched> pid=605[22m
    [2m  - [pid=605] <gracefully close start>[22m
    [2m  - [pid=605] <kill>[22m
    [2m  - [pid=605] <will force kill>[22m
    [2m  - [pid=605] exception while trying to kill process: Error: kill ESRCH[22m
    [2m  - [pid=605] <process did exit: exitCode=0, signal=null>[22m
    [2m  - [pid=605] starting temporary directories cleanup[22m
    [2m  - [pid=605] finished temporary directories cleanup[22m
    [2m  - [pid=605] <gracefully close end>[22m


    attachment #1: trace (application/zip) ─────────────────────────────────────────────────────────
    test-results/m01-a-failed-M01-bridge-lo-25cf8--sandbox-remains-selectable/trace.zip
    Usage:

        npx playwright show-trace test-results/m01-a-failed-M01-bridge-lo-25cf8--sandbox-remains-selectable/trace.zip

    ────────────────────────────────────────────────────────────────────────────────────────────────

  35) tests/browser/m01.spec.js:501:1 › textured atmosphere survives checkpoint restart without duplicating resources; low quality reduces vegetation 

    Error: browserType.launch: Target page, context or browser has been closed
    Browser logs:

    <launching> /tmp/chromium --disable-field-trial-config --disable-background-networking --disable-background-timer-throttling --disable-backgrounding-occluded-windows --disable-back-forward-cache --disable-breakpad --disable-client-side-phishing-detection --disable-component-extensions-with-background-pages --disable-component-update --no-default-browser-check --disable-default-apps --disable-dev-shm-usage --disable-extensions --disable-features=AvoidUnnecessaryBeforeUnloadCheckSync,BoundaryEventDispatchTracksNodeRemoval,DestroyProfileOnBrowserClose,DialMediaRouteProvider,GlobalMediaControls,HttpsUpgrades,LensOverlay,MediaRouter,PaintHolding,ThirdPartyStoragePartitioning,Translate,AutoDeElevate,RenderDocument,OptimizationHints --enable-features=CDPScreenshotNewSurface --allow-pre-commit-input --disable-hang-monitor --disable-ipc-flooding-protection --disable-popup-blocking --disable-prompt-on-repost --disable-renderer-backgrounding --force-color-profile=srgb --metrics-recording-only --no-first-run --password-store=basic --use-mock-keychain --no-service-autorun --export-tagged-pdf --disable-search-engine-choice-screen --unsafely-disable-devtools-self-xss-warnings --edge-skip-compat-layer-relaunch --enable-automation --disable-infobars --disable-search-engine-choice-screen --disable-sync --enable-unsafe-swiftshader --headless --hide-scrollbars --mute-audio --blink-settings=primaryHoverType=2,availableHoverTypes=2,primaryPointerType=4,availablePointerTypes=4 --no-sandbox --no-sandbox --disable-dev-shm-usage --use-gl=angle --use-angle=swiftshader --enable-unsafe-swiftshader --user-data-dir=/tmp/playwright_chromiumdev_profile-8ubGBO --remote-debugging-pipe --no-startup-window
    <launched> pid=619
    Call log:
    [2m  - <launching> /tmp/chromium --disable-field-trial-config --disable-background-networking --disable-background-timer-throttling --disable-backgrounding-occluded-windows --disable-back-forward-cache --disable-breakpad --disable-client-side-phishing-detection --disable-component-extensions-with-background-pages --disable-component-update --no-default-browser-check --disable-default-apps --disable-dev-shm-usage --disable-extensions --disable-features=AvoidUnnecessaryBeforeUnloadCheckSync,BoundaryEventDispatchTracksNodeRemoval,DestroyProfileOnBrowserClose,DialMediaRouteProvider,GlobalMediaControls,HttpsUpgrades,LensOverlay,MediaRouter,PaintHolding,ThirdPartyStoragePartitioning,Translate,AutoDeElevate,RenderDocument,OptimizationHints --enable-features=CDPScreenshotNewSurface --allow-pre-commit-input --disable-hang-monitor --disable-ipc-flooding-protection --disable-popup-blocking --disable-prompt-on-repost --disable-renderer-backgrounding --force-color-profile=srgb --metrics-recording-only --no-first-run --password-store=basic --use-mock-keychain --no-service-autorun --export-tagged-pdf --disable-search-engine-choice-screen --unsafely-disable-devtools-self-xss-warnings --edge-skip-compat-layer-relaunch --enable-automation --disable-infobars --disable-search-engine-choice-screen --disable-sync --enable-unsafe-swiftshader --headless --hide-scrollbars --mute-audio --blink-settings=primaryHoverType=2,availableHoverTypes=2,primaryPointerType=4,availablePointerTypes=4 --no-sandbox --no-sandbox --disable-dev-shm-usage --use-gl=angle --use-angle=swiftshader --enable-unsafe-swiftshader --user-data-dir=/tmp/playwright_chromiumdev_profile-8ubGBO --remote-debugging-pipe --no-startup-window[22m
    [2m  - <launched> pid=619[22m
    [2m  - [pid=619] <gracefully close start>[22m
    [2m  - [pid=619] <kill>[22m
    [2m  - [pid=619] <will force kill>[22m
    [2m  - [pid=619] exception while trying to kill process: Error: kill ESRCH[22m
    [2m  - [pid=619] <process did exit: exitCode=0, signal=null>[22m
    [2m  - [pid=619] starting temporary directories cleanup[22m
    [2m  - [pid=619] finished temporary directories cleanup[22m
    [2m  - [pid=619] <gracefully close end>[22m


    attachment #1: trace (application/zip) ─────────────────────────────────────────────────────────
    test-results/m01-textured-atmosphere-su-2d36b--quality-reduces-vegetation/trace.zip
    Usage:

        npx playwright show-trace test-results/m01-textured-atmosphere-su-2d36b--quality-reduces-vegetation/trace.zip

    ────────────────────────────────────────────────────────────────────────────────────────────────

  36) tests/browser/m01.spec.js:527:1 › ckm west crew and weapon use actual saved abandon time, pause and fresh reload 

    Error: browserType.launch: Target page, context or browser has been closed
    Browser logs:

    <launching> /tmp/chromium --disable-field-trial-config --disable-background-networking --disable-background-timer-throttling --disable-backgrounding-occluded-windows --disable-back-forward-cache --disable-breakpad --disable-client-side-phishing-detection --disable-component-extensions-with-background-pages --disable-component-update --no-default-browser-check --disable-default-apps --disable-dev-shm-usage --disable-extensions --disable-features=AvoidUnnecessaryBeforeUnloadCheckSync,BoundaryEventDispatchTracksNodeRemoval,DestroyProfileOnBrowserClose,DialMediaRouteProvider,GlobalMediaControls,HttpsUpgrades,LensOverlay,MediaRouter,PaintHolding,ThirdPartyStoragePartitioning,Translate,AutoDeElevate,RenderDocument,OptimizationHints --enable-features=CDPScreenshotNewSurface --allow-pre-commit-input --disable-hang-monitor --disable-ipc-flooding-protection --disable-popup-blocking --disable-prompt-on-repost --disable-renderer-backgrounding --force-color-profile=srgb --metrics-recording-only --no-first-run --password-store=basic --use-mock-keychain --no-service-autorun --export-tagged-pdf --disable-search-engine-choice-screen --unsafely-disable-devtools-self-xss-warnings --edge-skip-compat-layer-relaunch --enable-automation --disable-infobars --disable-search-engine-choice-screen --disable-sync --enable-unsafe-swiftshader --headless --hide-scrollbars --mute-audio --blink-settings=primaryHoverType=2,availableHoverTypes=2,primaryPointerType=4,availablePointerTypes=4 --no-sandbox --no-sandbox --disable-dev-shm-usage --use-gl=angle --use-angle=swiftshader --enable-unsafe-swiftshader --user-data-dir=/tmp/playwright_chromiumdev_profile-96jYfQ --remote-debugging-pipe --no-startup-window
    <launched> pid=633
    Call log:
    [2m  - <launching> /tmp/chromium --disable-field-trial-config --disable-background-networking --disable-background-timer-throttling --disable-backgrounding-occluded-windows --disable-back-forward-cache --disable-breakpad --disable-client-side-phishing-detection --disable-component-extensions-with-background-pages --disable-component-update --no-default-browser-check --disable-default-apps --disable-dev-shm-usage --disable-extensions --disable-features=AvoidUnnecessaryBeforeUnloadCheckSync,BoundaryEventDispatchTracksNodeRemoval,DestroyProfileOnBrowserClose,DialMediaRouteProvider,GlobalMediaControls,HttpsUpgrades,LensOverlay,MediaRouter,PaintHolding,ThirdPartyStoragePartitioning,Translate,AutoDeElevate,RenderDocument,OptimizationHints --enable-features=CDPScreenshotNewSurface --allow-pre-commit-input --disable-hang-monitor --disable-ipc-flooding-protection --disable-popup-blocking --disable-prompt-on-repost --disable-renderer-backgrounding --force-color-profile=srgb --metrics-recording-only --no-first-run --password-store=basic --use-mock-keychain --no-service-autorun --export-tagged-pdf --disable-search-engine-choice-screen --unsafely-disable-devtools-self-xss-warnings --edge-skip-compat-layer-relaunch --enable-automation --disable-infobars --disable-search-engine-choice-screen --disable-sync --enable-unsafe-swiftshader --headless --hide-scrollbars --mute-audio --blink-settings=primaryHoverType=2,availableHoverTypes=2,primaryPointerType=4,availablePointerTypes=4 --no-sandbox --no-sandbox --disable-dev-shm-usage --use-gl=angle --use-angle=swiftshader --enable-unsafe-swiftshader --user-data-dir=/tmp/playwright_chromiumdev_profile-96jYfQ --remote-debugging-pipe --no-startup-window[22m
    [2m  - <launched> pid=633[22m
    [2m  - [pid=633] <gracefully close start>[22m
    [2m  - [pid=633] <kill>[22m
    [2m  - [pid=633] <will force kill>[22m
    [2m  - [pid=633] exception while trying to kill process: Error: kill ESRCH[22m
    [2m  - [pid=633] <process did exit: exitCode=0, signal=null>[22m
    [2m  - [pid=633] starting temporary directories cleanup[22m
    [2m  - [pid=633] finished temporary directories cleanup[22m
    [2m  - [pid=633] <gracefully close end>[22m


    attachment #1: trace (application/zip) ─────────────────────────────────────────────────────────
    test-results/m01-ckm-west-crew-and-weap-fb73e-time-pause-and-fresh-reload/trace.zip
    Usage:

        npx playwright show-trace test-results/m01-ckm-west-crew-and-weap-fb73e-time-pause-and-fresh-reload/trace.zip

    ────────────────────────────────────────────────────────────────────────────────────────────────

  37) tests/browser/m01.spec.js:546:1 › optional ckm kit failure retains the crew fallback and checkpoint restoration 

    Error: browserType.launch: Target page, context or browser has been closed
    Browser logs:

    <launching> /tmp/chromium --disable-field-trial-config --disable-background-networking --disable-background-timer-throttling --disable-backgrounding-occluded-windows --disable-back-forward-cache --disable-breakpad --disable-client-side-phishing-detection --disable-component-extensions-with-background-pages --disable-component-update --no-default-browser-check --disable-default-apps --disable-dev-shm-usage --disable-extensions --disable-features=AvoidUnnecessaryBeforeUnloadCheckSync,BoundaryEventDispatchTracksNodeRemoval,DestroyProfileOnBrowserClose,DialMediaRouteProvider,GlobalMediaControls,HttpsUpgrades,LensOverlay,MediaRouter,PaintHolding,ThirdPartyStoragePartitioning,Translate,AutoDeElevate,RenderDocument,OptimizationHints --enable-features=CDPScreenshotNewSurface --allow-pre-commit-input --disable-hang-monitor --disable-ipc-flooding-protection --disable-popup-blocking --disable-prompt-on-repost --disable-renderer-backgrounding --force-color-profile=srgb --metrics-recording-only --no-first-run --password-store=basic --use-mock-keychain --no-service-autorun --export-tagged-pdf --disable-search-engine-choice-screen --unsafely-disable-devtools-self-xss-warnings --edge-skip-compat-layer-relaunch --enable-automation --disable-infobars --disable-search-engine-choice-screen --disable-sync --enable-unsafe-swiftshader --headless --hide-scrollbars --mute-audio --blink-settings=primaryHoverType=2,availableHoverTypes=2,primaryPointerType=4,availablePointerTypes=4 --no-sandbox --no-sandbox --disable-dev-shm-usage --use-gl=angle --use-angle=swiftshader --enable-unsafe-swiftshader --user-data-dir=/tmp/playwright_chromiumdev_profile-nCXR2c --remote-debugging-pipe --no-startup-window
    <launched> pid=647
    Call log:
    [2m  - <launching> /tmp/chromium --disable-field-trial-config --disable-background-networking --disable-background-timer-throttling --disable-backgrounding-occluded-windows --disable-back-forward-cache --disable-breakpad --disable-client-side-phishing-detection --disable-component-extensions-with-background-pages --disable-component-update --no-default-browser-check --disable-default-apps --disable-dev-shm-usage --disable-extensions --disable-features=AvoidUnnecessaryBeforeUnloadCheckSync,BoundaryEventDispatchTracksNodeRemoval,DestroyProfileOnBrowserClose,DialMediaRouteProvider,GlobalMediaControls,HttpsUpgrades,LensOverlay,MediaRouter,PaintHolding,ThirdPartyStoragePartitioning,Translate,AutoDeElevate,RenderDocument,OptimizationHints --enable-features=CDPScreenshotNewSurface --allow-pre-commit-input --disable-hang-monitor --disable-ipc-flooding-protection --disable-popup-blocking --disable-prompt-on-repost --disable-renderer-backgrounding --force-color-profile=srgb --metrics-recording-only --no-first-run --password-store=basic --use-mock-keychain --no-service-autorun --export-tagged-pdf --disable-search-engine-choice-screen --unsafely-disable-devtools-self-xss-warnings --edge-skip-compat-layer-relaunch --enable-automation --disable-infobars --disable-search-engine-choice-screen --disable-sync --enable-unsafe-swiftshader --headless --hide-scrollbars --mute-audio --blink-settings=primaryHoverType=2,availableHoverTypes=2,primaryPointerType=4,availablePointerTypes=4 --no-sandbox --no-sandbox --disable-dev-shm-usage --use-gl=angle --use-angle=swiftshader --enable-unsafe-swiftshader --user-data-dir=/tmp/playwright_chromiumdev_profile-nCXR2c --remote-debugging-pipe --no-startup-window[22m
    [2m  - <launched> pid=647[22m
    [2m  - [pid=647] <gracefully close start>[22m
    [2m  - [pid=647] <kill>[22m
    [2m  - [pid=647] <will force kill>[22m
    [2m  - [pid=647] exception while trying to kill process: Error: kill ESRCH[22m
    [2m  - [pid=647] <process did exit: exitCode=0, signal=null>[22m
    [2m  - [pid=647] starting temporary directories cleanup[22m
    [2m  - [pid=647] finished temporary directories cleanup[22m
    [2m  - [pid=647] <gracefully close end>[22m


    attachment #1: trace (application/zip) ─────────────────────────────────────────────────────────
    test-results/m01-optional-ckm-kit-failu-7db37--and-checkpoint-restoration/trace.zip
    Usage:

        npx playwright show-trace test-results/m01-optional-ckm-kit-failu-7db37--and-checkpoint-restoration/trace.zip

    ────────────────────────────────────────────────────────────────────────────────────────────────

  37 failed
    tests/browser/game.spec.js:28:1 › production prefix loads assets; real click captures mouse; shooting, reload and pause work 
    tests/browser/game.spec.js:68:1 › real keyboard movement reaches and stores checkpoint; restart and page reload restore it 
    tests/browser/game.spec.js:98:1 › corrupt checkpoint is explained and a new mission remains available 
    tests/browser/game.spec.js:106:1 › missing models are reported and procedural fallback keeps the area playable 
    tests/browser/m01-environment-quality.spec.js:2:1 › explicit visual quality survives reload and the menu agrees with the renderer 
    tests/browser/m01-mg34-prone.spec.js:24:28 › real MG34 prone save after shot 1: production continuation, real muzzle, pause and reload 
    tests/browser/m01-mg34-prone.spec.js:24:28 › real MG34 prone save after shot 4: production continuation, real muzzle, pause and reload 
    tests/browser/m01-mg34-prone.spec.js:24:28 › real MG34 prone save after shot 6: production continuation, real muzzle, pause and reload 
    tests/browser/m01-mg34-prone.spec.js:42:1 › missing optional prone GLB keeps real MG34 gameplay and procedural low posture 
    tests/browser/m01.spec.js:38:1 › M01 loads the nine bridge LODs; real controls operate bolt, clip, sight, aiming, pause and CP-A 
    tests/browser/m01.spec.js:66:1 › the genuine first raid displays three Ju 87 GLBs with light LODs and freezes the propellers on pause 
    tests/browser/m01.spec.js:89:1 › unavailable optional Ju 87 models retain all three raid silhouettes and the playable mission 
    tests/browser/m01.spec.js:99:1 › licensed character rigs and first-person hands follow real weapon state, preserve pause and use the light preset 
    tests/browser/m01.spec.js:148:1 › an optional character download failure preserves playable procedural actors without blocking bridge validation 
    tests/browser/m01.spec.js:156:1 › Kowal fires and changes the rkm magazine from actual combat state, preserving both poses in pause 
    tests/browser/m01.spec.js:185:1 › missing close-up LOD0 falls back to intact LOD1 hands while the light world actors remain available 
    tests/browser/m01.spec.js:193:1 › the station clip alone cannot enable a viewmodel when the required weapon animations fail to download 
    tests/browser/m01.spec.js:201:1 › the station evacuation restores its grounded drag, pauses with the mission and delivers the casualty 
    tests/browser/m01.spec.js:229:39 › the real station grab restores synchronized clips, pauses and keeps both roots fixed 
    tests/browser/m01.spec.js:229:39 › the real station release restores synchronized clips, pauses and keeps both roots fixed 
    tests/browser/m01.spec.js:268:1 › a missing optional station transition GLB keeps the grounded fallback and completes evacuation 
    tests/browser/m01.spec.js:282:1 › real keyboard movement traverses the approaches and E delivers the message at the rail bridge 
    tests/browser/m01.spec.js:308:33 › adjustment salvo at the gates restores its actual origin and follows mouse look 
    tests/browser/m01.spec.js:308:33 › adjustment salvo behind the truss restores its actual origin and follows mouse look 
    tests/browser/m01.spec.js:327:1 › demolition inside the road truss shows the actual bearing while mouse look remains free 
    tests/browser/m01.spec.js:353:1 › a genuine CP-D reload keeps east destruction and casualties, including restart and page reload 
    tests/browser/m01.spec.js:366:1 › the actual outro state can be skipped through the UI into the enabled historical debrief 
    tests/browser/m01.spec.js:376:1 › German fire on the repair is drawn from the Lisewo gates and the HUD status line is the simulation state 
    tests/browser/m01.spec.js:398:1 › the genuine train 963 and both MG34 fire sources use optional GLBs, light instances and reproducible pause/restart 
    tests/browser/m01.spec.js:429:1 › schema-2 continuation keeps the older CP-A on the real Restart checkpoint button 
    tests/browser/m01.spec.js:447:1 › missing optional wagon models and MG34 clips preserve 65 proxies, both procedural supports and playable M01 
    tests/browser/m01.spec.js:459:1 › the real roll-call snapshot renders seated actors and keeps their pose after page reload 
    tests/browser/m01.spec.js:471:1 › a real withdrawal continuation loses men only to rounds from the spans, keeps the twelve-survivor floor and shows the count in the HUD 
    tests/browser/m01.spec.js:492:1 › a failed M01 bridge load prevents an invisible bridge; the French sandbox remains selectable 
    tests/browser/m01.spec.js:501:1 › textured atmosphere survives checkpoint restart without duplicating resources; low quality reduces vegetation 
    tests/browser/m01.spec.js:527:1 › ckm west crew and weapon use actual saved abandon time, pause and fresh reload 
    tests/browser/m01.spec.js:546:1 › optional ckm kit failure retains the crew fallback and checkpoint restoration 
